id,source_file,domain,text,suggested_label,suggested_evidence_terms,suggestion_confidence,reviewer_label,reviewer_confidence,reviewer_notes,accepted
candidate_0070,data/signal_engine_2_0/sample_sales.json,sales,"The seat cost feels expensive versus Zendesk, and the team is also comparing you to Intercom.",risk_friction,expensive; cost; seat cost; intercom; zendesk,high,,,,
candidate_0071,data/signal_engine_2_0/sample_sales.json,sales,The seat cost feels expensive versus Zendesk,risk_friction,expensive; cost; seat cost; zendesk,high,,,,
candidate_0222,demo/signal_engine_2_0/sales_demo_output.json,sales,"The seat cost feels expensive versus Zendesk, and the team is also comparing yo...",risk_friction,expensive; cost; seat cost; zendesk,high,,,,
candidate_0008,data/signal_engine_2_0/emotion_benchmark/sample_emotion_cases.jsonl,unknown,This pricing change is ridiculous and it feels unacceptable to spring it on us a day before signature.,risk_friction,ridiculous; unacceptable; pricing,high,,,,
candidate_0033,data/signal_engine_2_0/fixtures/sales_calls_realistic.jsonl,sales,"We're interested, but the enterprise price is higher than Zendesk and Intercom, and I still do not know what happens after the pilot.",risk_friction,price; intercom; zendesk,high,,,,
candidate_0034,data/signal_engine_2_0/fixtures/sales_calls_realistic.jsonl,sales,but the enterprise price is higher than Zendesk and Intercom,risk_friction,price; intercom; zendesk,high,,,,
candidate_0054,data/signal_engine_2_0/sample_account_management.json,account_management,"Our renewal is in about 45 days, and we're still dealing with two unresolved onboarding issues from the launch.",risk_friction,renewal; still dealing with; unresolved,high,,,,
candidate_0059,data/signal_engine_2_0/sample_account_management.json,account_management,"But if these issues stay open into renewal, we may cut seats, delay the renewal, or look at another vendor.",risk_friction,cut seats; look at another vendor; renewal,high,,,,
candidate_0061,data/signal_engine_2_0/sample_account_management.json,account_management,"Okay, but if this slips again finance will ask whether we should downgrade or switch.",risk_friction,again; downgrade; switch,high,,,,
candidate_0062,data/signal_engine_2_0/sample_account_management.json,account_management,but if this slips again finance will ask whether we should downgrade or switch.,risk_friction,again; downgrade; switch,high,,,,
candidate_0087,data/signal_engine_2_0/sample_support.json,support,"I need a real date, not a FAQ, and if this is still unresolved today I'll escalate it to your manager and dispute the charge.",risk_friction,escalate; manager; unresolved,high,,,,
candidate_0089,data/signal_engine_2_0/sample_support.json,support,and if this is still unresolved today I'll escalate it to your manager and dispute the charge.,risk_friction,escalate; manager; unresolved,high,,,,
candidate_0093,demo/signal_engine_2_0/account_management_demo_output.json,account_management,"...tay open into renewal, we may cut seats, delay the renewal, or look at another vendor.",risk_friction,cut seats; look at another vendor; renewal,high,,,,
candidate_0096,demo/signal_engine_2_0/account_management_demo_output.json,account_management,"Our renewal is in about 45 days, and we're still dealing with two unresolved onboarding issues from t...",risk_friction,renewal; still dealing with; unresolved,high,,,,
candidate_0098,demo/signal_engine_2_0/account_management_demo_output.json,account_management,"...f these issues stay open into renewal, we may cut seats, delay the renewal, or look at another vendor.",risk_friction,cut seats; look at another vendor; renewal,high,,,,
candidate_0123,demo/signal_engine_2_0/buyer_one_pager.md,unknown,"Account management: churn risk, renewal concern, unresolved issues, commitment clarity, expansion opportunity",risk_friction,concern; renewal; unresolved,high,,,,
candidate_0148,demo/signal_engine_2_0/demo_report.md,unknown,"""...if this is still unresolved today I'll escalate it to your manager and dispute the charge.""",risk_friction,escalate; manager; unresolved,high,,,,
candidate_0152,demo/signal_engine_2_0/demo_report.md,unknown,"A prospect expresses interest in a pilot, raises pricing concerns, compares the product to Zendesk and Intercom, and signals procurement involvement if the next step goes well.",risk_friction,pricing; intercom; zendesk,high,,,,
candidate_0153,demo/signal_engine_2_0/demo_report.md,unknown,"A prospect expresses interest in a pilot, raises pricing concerns, compares the product to Zendesk and Intercom",risk_friction,pricing; intercom; zendesk,high,,,,
candidate_0165,demo/signal_engine_2_0/demo_report.md,unknown,"""Our renewal is in about 45 days, and we're still dealing with two unresolved onboarding issues...""",risk_friction,renewal; still dealing with; unresolved,high,,,,
candidate_0167,demo/signal_engine_2_0/demo_report.md,unknown,"""...we may cut seats, delay the renewal, or look at another vendor.""",risk_friction,cut seats; look at another vendor; renewal,high,,,,
candidate_0233,demo/signal_engine_2_0/support_demo_output.json,support,...s still unresolved today I'll escalate it to your manager and dispute the charge.,risk_friction,escalate; manager; unresolved,high,,,,
candidate_0010,data/signal_engine_2_0/emotion_benchmark/sample_emotion_cases.jsonl,unknown,We're still waiting on the onboarding fix and nothing has changed since last week's review.,risk_friction,still waiting; waiting on,medium,,,,
candidate_0017,data/signal_engine_2_0/emotion_benchmark/sample_emotion_cases.jsonl,unknown,"For reference, the current status is that procurement is scheduled for next Tuesday and the legal review is still open.",risk_friction,legal; still open,medium,,,,
candidate_0021,data/signal_engine_2_0/emotion_benchmark/sample_emotion_cases.jsonl,unknown,We're worried the migration might slip into quarter close and could impact the renewal if the issue remains open.,risk_friction,worried; renewal,medium,,,,
candidate_0026,data/signal_engine_2_0/fixtures/account_management_realistic.jsonl,account_management,"Our renewal is 30 days out, two onboarding issues are still unresolved, and leadership is asking whether we should reduce seats if support does not stabilize.",risk_friction,renewal; unresolved,medium,,,,
candidate_0027,data/signal_engine_2_0/fixtures/account_management_realistic.jsonl,account_management,"Our renewal is 30 days out, two onboarding issues are still unresolved",risk_friction,renewal; unresolved,medium,,,,
candidate_0031,data/signal_engine_2_0/fixtures/account_management_realistic.jsonl,account_management,"Realistic synthetic account-management conversation with renewal risk, unresolved issues, and conditional expansion upside.",risk_friction,renewal; unresolved,medium,,,,
candidate_0032,data/signal_engine_2_0/fixtures/account_management_realistic.jsonl,account_management,"Realistic synthetic account-management conversation with renewal risk, unresolved issues",risk_friction,renewal; unresolved,medium,,,,
candidate_0040,data/signal_engine_2_0/fixtures/sales_calls_realistic.jsonl,sales,"Realistic synthetic sales call with pricing objection, competitor pressure, and weak next-step clarity.",risk_friction,pricing; competitor,medium,,,,
candidate_0041,data/signal_engine_2_0/fixtures/sales_calls_realistic.jsonl,sales,"Realistic synthetic sales call with pricing objection, competitor pressure",risk_friction,pricing; competitor,medium,,,,
candidate_0048,data/signal_engine_2_0/fixtures/support_tickets_realistic.jsonl,support,"The failed resolution has been open since Monday, the card ending 1111 was charged twice, and if this slips again we will escalate the dispute.",risk_friction,again; escalate,medium,,,,
candidate_0050,data/signal_engine_2_0/fixtures/support_tickets_realistic.jsonl,support,and if this slips again we will escalate the dispute.,risk_friction,again; escalate,medium,,,,
candidate_0056,data/signal_engine_2_0/sample_account_management.json,account_management,and we're still dealing with two unresolved onboarding issues from the launch.,risk_friction,still dealing with; unresolved,medium,,,,
candidate_0063,data/signal_engine_2_0/sample_account_management.json,account_management,"Tiny deterministic account-management example with renewal risk, unresolved issues, churn pressure, and expansion upside.",risk_friction,renewal; unresolved,medium,,,,
candidate_0064,data/signal_engine_2_0/sample_account_management.json,account_management,"Tiny deterministic account-management example with renewal risk, unresolved issues, churn pressure",risk_friction,renewal; unresolved,medium,,,,
candidate_0069,data/signal_engine_2_0/sample_sales.json,sales,My main concern is price.,risk_friction,concern; price,medium,,,,
candidate_0078,data/signal_engine_2_0/sample_sales.json,sales,"Tiny deterministic sales example with buyer intent, pricing pressure, competitor mentions, and a concrete next step.",risk_friction,pricing; competitor,medium,,,,
candidate_0079,data/signal_engine_2_0/sample_sales.json,sales,"Tiny deterministic sales example with buyer intent, pricing pressure, competitor mentions",risk_friction,pricing; competitor,medium,,,,
candidate_0083,data/signal_engine_2_0/sample_support.json,support,"Refund timing sits with another team, so please refer to the billing FAQ for now while we look into it on our side.",risk_friction,another team; please refer to,medium,,,,
candidate_0095,demo/signal_engine_2_0/account_management_demo_output.json,account_management,...ce will ask whether we should downgrade or switch.,risk_friction,downgrade; switch,medium,,,,
candidate_0097,demo/signal_engine_2_0/account_management_demo_output.json,account_management,and we're still dealing with two unresolved onboarding issues from t...,risk_friction,still dealing with; unresolved,medium,,,,
candidate_0099,demo/signal_engine_2_0/account_management_demo_output.json,account_management,"...s in about 45 days, and we're still dealing with two unresolved onboarding issues from the launch.",risk_friction,still dealing with; unresolved,medium,,,,
candidate_0122,demo/signal_engine_2_0/buyer_one_pager.md,unknown,"Sales: buyer intent, objections, pricing pressure, competitor mentions, next-step clarity",risk_friction,pricing; competitor,medium,,,,
candidate_0145,demo/signal_engine_2_0/demo_report.md,unknown,"""Refund timing sits with another team, so please refer to the billing FAQ for now...""",risk_friction,another team; please refer to,medium,,,,
candidate_0158,demo/signal_engine_2_0/demo_report.md,unknown,This would have saved a sales manager from manually skimming the call just to learn the deal is real but price-sensitive.,risk_friction,manager; price,medium,,,,
candidate_0159,demo/signal_engine_2_0/demo_report.md,unknown,"It focuses follow-up on discount strategy, competitor pressure, and whether the rep left the call with a concrete next step.",risk_friction,discount; competitor,medium,,,,
candidate_0160,demo/signal_engine_2_0/demo_report.md,unknown,"It focuses follow-up on discount strategy, competitor pressure",risk_friction,discount; competitor,medium,,,,
candidate_0162,demo/signal_engine_2_0/demo_report.md,unknown,"An existing customer is approaching renewal with unresolved onboarding issues, warns that seats may be cut or the vendor replaced, but also suggests possible expansion if stability improves.",risk_friction,renewal; unresolved,medium,,,,
candidate_0163,demo/signal_engine_2_0/demo_report.md,unknown,"An existing customer is approaching renewal with unresolved onboarding issues, warns that seats may be cut or the vendor replaced",risk_friction,renewal; unresolved,medium,,,,
candidate_0166,demo/signal_engine_2_0/demo_report.md,unknown,"and we're still dealing with two unresolved onboarding issues...""",risk_friction,still dealing with; unresolved,medium,,,,
candidate_0203,demo/signal_engine_2_0/polished_examples.md,unknown,"A prospective buyer is interested in moving forward, but raises pricing pressure, compares the product to a competitor, and leaves the next step weaker than ideal.",risk_friction,pricing; competitor,medium,,,,
candidate_0205,demo/signal_engine_2_0/polished_examples.md,unknown,"but raises pricing pressure, compares the product to a competitor",risk_friction,pricing; competitor,medium,,,,
candidate_0209,demo/signal_engine_2_0/polished_examples.md,unknown,"""The seat cost still feels high for where we are.""",risk_friction,cost; seat cost,medium,,,,
candidate_0212,demo/signal_engine_2_0/polished_examples.md,unknown,"Tighten the next-step commitment, answer the pricing objection directly, and equip the rep with a concrete competitor comparison for the next review.",risk_friction,pricing; competitor,medium,,,,
candidate_0221,demo/signal_engine_2_0/sales_demo_output.json,sales,Buyer raised pricing or budget concerns.,risk_friction,budget; pricing,medium,,,,
candidate_0225,demo/signal_engine_2_0/sales_demo_output.json,sales,Competitor or alternative mention detected.,risk_friction,alternative; competitor,medium,,,,
candidate_0252,outputs/signal_engine_2_0/final_demo/pii_redacted_support_output.json,support,"...rged twice, and if this slips again we will escalate the dispute.",risk_friction,again; escalate,medium,,,,
candidate_0253,outputs/signal_engine_2_0/final_demo/pii_redacted_support_output.json,support,...d if this slips again we will escalate the dispute.,risk_friction,again; escalate,medium,,,,
candidate_0298,outputs/signal_engine_2_0/multimodal_feature_report.json,unknown,Escalate for human review if unresolved operational risk keeps increasing.,risk_friction,escalate; unresolved,medium,,,,
candidate_0007,data/signal_engine_2_0/emotion_benchmark/sample_emotion_cases.jsonl,unknown,I'm angry that your team charged the wrong card again and closed the ticket without notice.,risk_friction,again,medium,,,,
candidate_0009,data/signal_engine_2_0/emotion_benchmark/sample_emotion_cases.jsonl,unknown,I'm frustrated because I keep reopening the same issue and there is still no update from billing.,risk_friction,frustrated,medium,,,,
candidate_0016,data/signal_engine_2_0/emotion_benchmark/sample_emotion_cases.jsonl,unknown,We appreciate the follow-through and that works for our renewal review.,risk_friction,renewal,medium,,,,
candidate_0018,data/signal_engine_2_0/emotion_benchmark/sample_emotion_cases.jsonl,unknown,Sharing the update from finance: the meeting starts at 09:00 CET and the agenda is attached in the renewal folder.,risk_friction,renewal,medium,,,,
candidate_0036,data/signal_engine_2_0/fixtures/sales_calls_realistic.jsonl,sales,We can probably work something out on pricing and I can send more details later once I regroup with the team.,risk_friction,pricing,medium,,,,
candidate_0039,data/signal_engine_2_0/fixtures/sales_calls_realistic.jsonl,sales,"and discount range, procurement will not move this week.",risk_friction,discount,medium,,,,
candidate_0042,data/signal_engine_2_0/fixtures/support_tickets_realistic.jsonl,support,I'm frustrated that invoice 8842 still shows the wrong total and nobody has confirmed when the credit will post.,risk_friction,frustrated,medium,,,,
candidate_0055,data/signal_engine_2_0/sample_account_management.json,account_management,Our renewal is in about 45 days,risk_friction,renewal,medium,,,,
candidate_0072,data/signal_engine_2_0/sample_sales.json,sales,and the team is also comparing you to Intercom.,risk_friction,intercom,medium,,,,
candidate_0077,data/signal_engine_2_0/sample_sales.json,sales,"If the discount works and security signs off, we can bring procurement in next week.",risk_friction,discount,medium,,,,
candidate_0081,data/signal_engine_2_0/sample_support.json,support,"Hi, I'm honestly pretty frustrated.",risk_friction,frustrated,medium,,,,
candidate_0084,data/signal_engine_2_0/sample_support.json,support,Refund timing sits with another team,risk_friction,another team,medium,,,,
candidate_0085,data/signal_engine_2_0/sample_support.json,support,so please refer to the billing FAQ for now while we look into it on our side.,risk_friction,please refer to,medium,,,,
candidate_0090,data/signal_engine_2_0/sample_support.json,support,We are still looking into it and someone will reach out later once billing has an update.,risk_friction,someone will reach out,medium,,,,
candidate_0091,data/signal_engine_2_0/sample_support.json,support,"Tiny deterministic support escalation example with frustration, deflection, unresolved status, and escalation risk.",risk_friction,unresolved,medium,,,,
candidate_0092,data/signal_engine_2_0/sample_support.json,support,"Tiny deterministic support escalation example with frustration, deflection, unresolved status",risk_friction,unresolved,medium,,,,
candidate_0101,demo/signal_engine_2_0/account_management_demo_output.json,account_management,Customer sentiment skews negative alongside churn or renewal risk cues.,risk_friction,renewal,medium,,,,
candidate_0142,demo/signal_engine_2_0/demo_report.md,unknown,"A customer follows up on an overdue refund tied to an open ticket, the agent deflects to billing and a FAQ, the issue remains unresolved, and the customer threatens escalation and a charge dispute.",risk_friction,unresolved,medium,,,,
candidate_0143,demo/signal_engine_2_0/demo_report.md,unknown,"A customer follows up on an overdue refund tied to an open ticket, the agent deflects to billing and a FAQ, the issue remains unresolved",risk_friction,unresolved,medium,,,,
candidate_0146,demo/signal_engine_2_0/demo_report.md,unknown,"so please refer to the billing FAQ for now...""",risk_friction,please refer to,medium,,,,
candidate_0149,demo/signal_engine_2_0/demo_report.md,unknown,"""We are still looking into it and someone will reach out later...""",risk_friction,someone will reach out,medium,,,,
candidate_0150,demo/signal_engine_2_0/demo_report.md,unknown,This would have flagged a likely escalation before a supervisor had to read the full thread.,risk_friction,supervisor,medium,,,,
candidate_0151,demo/signal_engine_2_0/demo_report.md,unknown,"For a support QA lead, it narrows review to a vague, deflective exchange with clear customer frustration and unresolved ownership.",risk_friction,unresolved,medium,,,,
candidate_0156,demo/signal_engine_2_0/demo_report.md,unknown,"""...the team is also comparing you to Intercom.""",risk_friction,intercom,medium,,,,
candidate_0180,demo/signal_engine_2_0/demo_report.md,unknown,not legal or compliance advice,risk_friction,legal,medium,,,,
candidate_0188,demo/signal_engine_2_0/polished_examples.md,unknown,detected review state: unresolved billing issue with escalation risk,risk_friction,unresolved,medium,,,,
candidate_0191,demo/signal_engine_2_0/polished_examples.md,unknown,"""Refund timing sits with another team, so I can't change it here.""",risk_friction,another team,medium,,,,
candidate_0193,demo/signal_engine_2_0/polished_examples.md,unknown,"""I've already asked twice and the problem is still open.""",risk_friction,still open,medium,,,,
candidate_0194,demo/signal_engine_2_0/polished_examples.md,unknown,"""I'm pretty frustrated at this point.""",risk_friction,frustrated,medium,,,,
candidate_0207,demo/signal_engine_2_0/polished_examples.md,unknown,detected review state: active deal motion with pricing and competitive pressure,risk_friction,pricing,medium,,,,
candidate_0210,demo/signal_engine_2_0/polished_examples.md,unknown,"""We're also comparing this against Intercom.""",risk_friction,intercom,medium,,,,
candidate_0213,demo/signal_engine_2_0/polished_examples.md,unknown,"Tighten the next-step commitment, answer the pricing objection directly",risk_friction,pricing,medium,,,,
candidate_0214,demo/signal_engine_2_0/polished_examples.md,unknown,and equip the rep with a concrete competitor comparison for the next review.,risk_friction,competitor,medium,,,,
candidate_0217,demo/signal_engine_2_0/polished_examples.md,unknown,"It helps a manager or buyer see what was detected, why it was detected, and what requires review next, without pretending to predict closed-won outcomes from the transcript alone.",risk_friction,manager,medium,,,,
candidate_0218,demo/signal_engine_2_0/polished_examples.md,unknown,"It helps a manager or buyer see what was detected, why it was detected",risk_friction,manager,medium,,,,
candidate_0224,demo/signal_engine_2_0/sales_demo_output.json,sales,...team is also comparing you to Intercom.,risk_friction,intercom,medium,,,,
candidate_0231,demo/signal_engine_2_0/support_demo_output.json,support,...are still looking into it and someone will reach out later once billing has an update.,risk_friction,someone will reach out,medium,,,,
candidate_0251,outputs/signal_engine_2_0/final_demo/pii_redacted_support_output.json,support,I'm frustrated that invoice 8842 still shows the wrong total and nobody has confirmed when the credit wi...,risk_friction,frustrated,medium,,,,
candidate_0254,outputs/signal_engine_2_0/final_demo/pii_redacted_support_output.json,support,Customer prompt is still open without a clear resolution turn.,risk_friction,still open,medium,,,,
candidate_0259,outputs/signal_engine_2_0/final_demo/text_emotion_benchmark/report.md,unknown,"`anger, frustration, confusion, satisfaction, neutral, concern, urgency`",risk_friction,concern,medium,,,,
candidate_0266,outputs/signal_engine_2_0/final_demo/text_emotion_benchmark/report.md,unknown,| concern | 2 |,risk_friction,concern,medium,,,,
candidate_0274,outputs/signal_engine_2_0/final_demo/text_emotion_benchmark/report.md,unknown,| concern | 1.0000 | 1.0000 | 1.0000 | 2 |,risk_friction,concern,medium,,,,
candidate_0276,outputs/signal_engine_2_0/final_demo/text_emotion_benchmark/report.md,unknown,| true \ pred | anger | frustration | confusion | satisfaction | neutral | concern | urgency |,risk_friction,concern,medium,,,,
candidate_0282,outputs/signal_engine_2_0/final_demo/text_emotion_benchmark/report.md,unknown,| concern | 0 | 0 | 0 | 0 | 0 | 2 | 0 |,risk_friction,concern,medium,,,,
candidate_0293,outputs/signal_engine_2_0/multimodal_feature_report.json,unknown,Matched deterministic transcript cues: escalate.,risk_friction,escalate,medium,,,,
candidate_0297,outputs/signal_engine_2_0/multimodal_feature_report.json,unknown,"Matched deterministic transcript cues: escalate, dispute.",risk_friction,escalate,medium,,,,
candidate_0073,data/signal_engine_2_0/sample_sales.json,sales,"I can send a pilot plan, pricing options, and a proposal by Tuesday, and I can include the security packet for procurement.",opportunity_commitment,pilot; procurement; proposal; pilot plan; pricing options; send,high,,,,
candidate_0157,demo/signal_engine_2_0/demo_report.md,unknown,"""I can send a pilot plan, pricing options, and a proposal by Tuesday...""",opportunity_commitment,pilot; proposal; pilot plan; pricing options; send,high,,,,
candidate_0228,demo/signal_engine_2_0/sales_demo_output.json,sales,"I can send a pilot plan, pricing options, and a proposal by Tuesday, and I can include the security packet for pr...",opportunity_commitment,pilot; proposal; pilot plan; pricing options; send,high,,,,
candidate_0029,data/signal_engine_2_0/fixtures/account_management_realistic.jsonl,account_management,I own the recovery plan and will send named owners this afternoon with a renewal review for next Tuesday.,opportunity_commitment,send; i own; recovery plan; renewal review,high,,,,
candidate_0057,data/signal_engine_2_0/sample_account_management.json,account_management,I own the action items and will send a recovery plan by Friday with owners for each open item.,opportunity_commitment,send; action items; i own; recovery plan,high,,,,
candidate_0074,data/signal_engine_2_0/sample_sales.json,sales,"I can send a pilot plan, pricing options",opportunity_commitment,pilot; pilot plan; pricing options; send,high,,,,
candidate_0169,demo/signal_engine_2_0/demo_report.md,unknown,"""I own the action items and will send a recovery plan by Friday...""",opportunity_commitment,send; action items; i own; recovery plan,high,,,,
candidate_0030,data/signal_engine_2_0/fixtures/account_management_realistic.jsonl,account_management,"If the recovery plan lands and the integrations are fixed, we may still expand analytics seats later this quarter.",opportunity_commitment,fixed; expand; recovery plan,high,,,,
candidate_0058,data/signal_engine_2_0/sample_account_management.json,account_management,"If the rollout stabilizes this quarter, we may add the support team and upgrade to the enterprise package.",opportunity_commitment,rollout; enterprise package; upgrade,high,,,,
candidate_0060,data/signal_engine_2_0/sample_account_management.json,account_management,I'll confirm owners today and schedule a renewal review next week so we can decide whether expansion is still realistic.,opportunity_commitment,schedule; expansion; renewal review,high,,,,
candidate_0106,demo/signal_engine_2_0/account_management_demo_output.json,account_management,...m owners today and schedule a renewal review next week so we can decide whether expansion is still realistic.,opportunity_commitment,schedule; expansion; renewal review,high,,,,
candidate_0037,data/signal_engine_2_0/fixtures/sales_calls_realistic.jsonl,sales,"Without a concrete next step, security packet, and discount range, procurement will not move this week.",opportunity_commitment,procurement; next step,medium,,,,
candidate_0065,data/signal_engine_2_0/sample_sales.json,sales,"I can walk through the pilot scope, rollout plan, and how teams usually evaluate the workflow.",opportunity_commitment,pilot; rollout,medium,,,,
candidate_0066,data/signal_engine_2_0/sample_sales.json,sales,"I can walk through the pilot scope, rollout plan",opportunity_commitment,pilot; rollout,medium,,,,
candidate_0068,data/signal_engine_2_0/sample_sales.json,sales,We're interested in a pilot next month if the security review goes well and the onboarding looks lighter than what we've seen before.,opportunity_commitment,pilot; security review,medium,,,,
candidate_0102,demo/signal_engine_2_0/account_management_demo_output.json,account_management,...pport team and upgrade to the enterprise package.,opportunity_commitment,enterprise package; upgrade,medium,,,,
candidate_0103,demo/signal_engine_2_0/account_management_demo_output.json,account_management,Expansion or upgrade language detected.,opportunity_commitment,expansion; upgrade,medium,,,,
candidate_0154,demo/signal_engine_2_0/demo_report.md,unknown,and signals procurement involvement if the next step goes well.,opportunity_commitment,procurement; next step,medium,,,,
candidate_0155,demo/signal_engine_2_0/demo_report.md,unknown,"""We're interested in a pilot next month if the security review goes well...""",opportunity_commitment,pilot; security review,medium,,,,
candidate_0168,demo/signal_engine_2_0/demo_report.md,unknown,"""If the rollout stabilizes this quarter, we may add the support team and upgrade...""",opportunity_commitment,rollout; upgrade,medium,,,,
candidate_0226,demo/signal_engine_2_0/sales_demo_output.json,sales,We're interested in a pilot next month if the security review goes well and the onboarding looks lighter than what we...,opportunity_commitment,pilot; security review,medium,,,,
candidate_0012,data/signal_engine_2_0/emotion_benchmark/sample_emotion_cases.jsonl,unknown,Can you explain what this new implementation fee covers?,opportunity_commitment,implementation,medium,,,,
candidate_0015,data/signal_engine_2_0/emotion_benchmark/sample_emotion_cases.jsonl,unknown,Thank you for the recovery plan.,opportunity_commitment,recovery plan,medium,,,,
candidate_0020,data/signal_engine_2_0/emotion_benchmark/sample_emotion_cases.jsonl,unknown,Please send the update to [EMAIL] when you have it.,opportunity_commitment,send,medium,,,,
candidate_0022,data/signal_engine_2_0/emotion_benchmark/sample_emotion_cases.jsonl,unknown,"We need this fixed today before the board call, so please respond right away at [PHONE].",opportunity_commitment,fixed,medium,,,,
candidate_0023,data/signal_engine_2_0/emotion_benchmark/sample_emotion_cases.jsonl,unknown,We need this fixed today before the board call,opportunity_commitment,fixed,medium,,,,
candidate_0035,data/signal_engine_2_0/fixtures/sales_calls_realistic.jsonl,sales,and I still do not know what happens after the pilot.,opportunity_commitment,pilot,medium,,,,
candidate_0038,data/signal_engine_2_0/fixtures/sales_calls_realistic.jsonl,sales,"Without a concrete next step, security packet",opportunity_commitment,next step,medium,,,,
candidate_0043,data/signal_engine_2_0/fixtures/support_tickets_realistic.jsonl,support,Please send the update to [EMAIL] or call [PHONE].,opportunity_commitment,send,medium,,,,
candidate_0075,data/signal_engine_2_0/sample_sales.json,sales,and a proposal by Tuesday,opportunity_commitment,proposal,medium,,,,
candidate_0076,data/signal_engine_2_0/sample_sales.json,sales,and I can include the security packet for procurement.,opportunity_commitment,procurement,medium,,,,
candidate_0080,data/signal_engine_2_0/sample_sales.json,sales,and a concrete next step.,opportunity_commitment,next step,medium,,,,
candidate_0104,demo/signal_engine_2_0/account_management_demo_output.json,account_management,...week so we can decide whether expansion is still realistic.,opportunity_commitment,expansion,medium,,,,
candidate_0109,demo/signal_engine_2_0/account_management_demo_output.json,account_management,Optional offline speech-to-text when the input is audio rather than transcript text.,opportunity_commitment,offline,medium,,,,
candidate_0127,demo/signal_engine_2_0/buyer_one_pager.md,unknown,teams can pilot quickly without adding black-box AI risk,opportunity_commitment,pilot,medium,,,,
candidate_0134,demo/signal_engine_2_0/buyer_one_pager.md,unknown,"recruiters and hiring managers evaluating product judgment, deterministic NLP design, and demo readiness",opportunity_commitment,demo,medium,,,,
candidate_0161,demo/signal_engine_2_0/demo_report.md,unknown,and whether the rep left the call with a concrete next step.,opportunity_commitment,next step,medium,,,,
candidate_0164,demo/signal_engine_2_0/demo_report.md,unknown,but also suggests possible expansion if stability improves.,opportunity_commitment,expansion,medium,,,,
candidate_0171,demo/signal_engine_2_0/demo_report.md,unknown,"A CS leader can quickly see that the account needs recovery execution now, but still has expansion value if the open issues are closed.",opportunity_commitment,expansion,medium,,,,
candidate_0173,demo/signal_engine_2_0/demo_report.md,unknown,but still has expansion value if the open issues are closed.,opportunity_commitment,expansion,medium,,,,
candidate_0177,demo/signal_engine_2_0/demo_report.md,unknown,Demo JSON artifacts in this pack:,opportunity_commitment,demo,medium,,,,
candidate_0206,demo/signal_engine_2_0/polished_examples.md,unknown,and leaves the next step weaker than ideal.,opportunity_commitment,next step,medium,,,,
candidate_0227,demo/signal_engine_2_0/sales_demo_output.json,sales,"...urity signs off, we can bring procurement in next week.",opportunity_commitment,procurement,medium,,,,
candidate_0285,outputs/signal_engine_2_0/final_demo/text_emotion_benchmark/report.md,unknown,expand fixtures only after rubric review and privacy sign-off,opportunity_commitment,expand,medium,,,,
candidate_0291,outputs/signal_engine_2_0/multimodal_feature_report.json,unknown,"Matched deterministic transcript cues: send, we will.",opportunity_commitment,send,medium,,,,
candidate_0044,data/signal_engine_2_0/fixtures/support_tickets_realistic.jsonl,support,"Billing is still reviewing it, so please check the help center article for now while we wait for their response.",uncertainty_hedging,for now,medium,,,,
candidate_0046,data/signal_engine_2_0/fixtures/support_tickets_realistic.jsonl,support,so please check the help center article for now while we wait for their response.,uncertainty_hedging,for now,medium,,,,
candidate_0288,outputs/signal_engine_2_0/multimodal_feature_report.json,unknown,Matched deterministic transcript cues: for now.,uncertainty_hedging,for now,medium,,,,
candidate_0306,outputs/signal_engine_2_0/multimodal_feature_report.json,unknown,Review cautious or ambiguous language before making a directional judgment.,uncertainty_hedging,cautious,medium,,,,
candidate_0001,data/signal_engine_2_0/dataset_manifests/emotion_benchmark_manifest.json,unknown,Signal Engine 2.0 handcrafted text emotion benchmark fixture,neutral,,medium,,,,
candidate_0002,data/signal_engine_2_0/dataset_manifests/emotion_benchmark_manifest.json,unknown,Contains synthetic placeholder contact details for redaction validation only.,neutral,,medium,,,,
candidate_0003,data/signal_engine_2_0/dataset_manifests/emotion_benchmark_manifest.json,unknown,"Lightweight harness validation for deterministic text emotion benchmarking in support, sales, and account-management workflows.",neutral,,medium,,,,
candidate_0004,data/signal_engine_2_0/dataset_manifests/emotion_benchmark_manifest.json,unknown,"Lightweight harness validation for deterministic text emotion benchmarking in support, sales",neutral,,medium,,,,
candidate_0005,data/signal_engine_2_0/dataset_manifests/emotion_benchmark_manifest.json,unknown,Not a production benchmark or domain proof.,neutral,,low,,,,
candidate_0006,data/signal_engine_2_0/dataset_manifests/emotion_benchmark_manifest.json,unknown,Includes synthetic placeholder PII patterns solely to exercise redaction behavior.,neutral,,medium,,,,
candidate_0011,data/signal_engine_2_0/emotion_benchmark/sample_emotion_cases.jsonl,unknown,I'm confused about which invoice version is final because the portal and the email summary do not match.,neutral,,medium,,,,
candidate_0013,data/signal_engine_2_0/emotion_benchmark/sample_emotion_cases.jsonl,unknown,I don't understand the difference between the two quotes.,neutral,,medium,,,,
candidate_0014,data/signal_engine_2_0/emotion_benchmark/sample_emotion_cases.jsonl,unknown,"Thanks, the replacement order arrived this morning and I'm happy with how quickly your team solved it.",neutral,,medium,,,,
candidate_0019,data/signal_engine_2_0/emotion_benchmark/sample_emotion_cases.jsonl,unknown,I'm concerned the rollback plan still hasn't been confirmed.,neutral,,medium,,,,
candidate_0024,data/signal_engine_2_0/emotion_benchmark/sample_emotion_cases.jsonl,unknown,so please respond right away at [PHONE].,neutral,,low,,,,
candidate_0025,data/signal_engine_2_0/emotion_benchmark/sample_emotion_cases.jsonl,unknown,We need the revised order form by end of day because the customer deadline is before launch tomorrow.,neutral,,medium,,,,
candidate_0028,data/signal_engine_2_0/fixtures/account_management_realistic.jsonl,account_management,and leadership is asking whether we should reduce seats if support does not stabilize.,neutral,,medium,,,,
candidate_0045,data/signal_engine_2_0/fixtures/support_tickets_realistic.jsonl,support,Billing is still reviewing it,neutral,,low,,,,
candidate_0047,data/signal_engine_2_0/fixtures/support_tickets_realistic.jsonl,support,That does not solve it.,neutral,,low,,,,
candidate_0049,data/signal_engine_2_0/fixtures/support_tickets_realistic.jsonl,support,"The failed resolution has been open since Monday, the card ending 1111 was charged twice",neutral,,medium,,,,
candidate_0051,data/signal_engine_2_0/fixtures/support_tickets_realistic.jsonl,support,"Realistic synthetic support ticket conversation with billing frustration, failed resolution, and synthetic PII for redaction validation.",neutral,,medium,,,,
candidate_0052,data/signal_engine_2_0/fixtures/support_tickets_realistic.jsonl,support,"Realistic synthetic support ticket conversation with billing frustration, failed resolution",neutral,,medium,,,,
candidate_0053,data/signal_engine_2_0/fixtures/support_tickets_realistic.jsonl,support,and synthetic PII for redaction validation.,neutral,,low,,,,
candidate_0067,data/signal_engine_2_0/sample_sales.json,sales,and how teams usually evaluate the workflow.,neutral,,low,,,,
candidate_0082,data/signal_engine_2_0/sample_support.json,support,Ticket 78421 has been open for 11 days and the refund still hasn't posted to our card.,neutral,,medium,,,,
candidate_0086,data/signal_engine_2_0/sample_support.json,support,That still doesn't answer the question.,neutral,,low,,,,
candidate_0088,data/signal_engine_2_0/sample_support.json,support,"I need a real date, not a FAQ",neutral,,medium,,,,
candidate_0094,demo/signal_engine_2_0/account_management_demo_output.json,account_management,Customer language indicates possible churn or seat reduction risk.,neutral,,medium,,,,
candidate_0100,demo/signal_engine_2_0/account_management_demo_output.json,account_management,...s in about 45 days,neutral,,low,,,,
candidate_0105,demo/signal_engine_2_0/account_management_demo_output.json,account_management,Account team commitment language detected.,neutral,,low,,,,
candidate_0107,demo/signal_engine_2_0/account_management_demo_output.json,account_management,domain-specific lexicon and role rules,neutral,,low,,,,
candidate_0108,demo/signal_engine_2_0/account_management_demo_output.json,account_management,optional retrieval and long-context review,neutral,,low,,,,
candidate_0110,demo/signal_engine_2_0/account_management_demo_output.json,account_management,Optional speaker separation before role mapping and per-speaker turn analysis.,neutral,,medium,,,,
candidate_0111,demo/signal_engine_2_0/account_management_demo_output.json,account_management,Optional prosody and pause features for later review workflows.,neutral,,medium,,,,
candidate_0112,demo/signal_engine_2_0/account_management_demo_output.json,account_management,"Optional keyframe extraction for multimodal investigations, not canonical scoring.",neutral,,medium,,,,
candidate_0113,demo/signal_engine_2_0/buyer_one_pager.md,unknown,"Teams already have transcripts, QA notes, CRM exports, and call recordings, but managers still lose time manually skimming conversations to find risk, coaching moments, and missed follow-up.",neutral,,medium,,,,
candidate_0114,demo/signal_engine_2_0/buyer_one_pager.md,unknown,"Teams already have transcripts, QA notes, CRM exports",neutral,,medium,,,,
candidate_0115,demo/signal_engine_2_0/buyer_one_pager.md,unknown,"but managers still lose time manually skimming conversations to find risk, coaching moments",neutral,,medium,,,,
candidate_0116,demo/signal_engine_2_0/buyer_one_pager.md,unknown,"Signal Engine 2.0 runs deterministic, transcript-first analysis across support, sales, and account-management conversations.",neutral,,medium,,,,
candidate_0117,demo/signal_engine_2_0/buyer_one_pager.md,unknown,"Signal Engine 2.0 runs deterministic, transcript-first analysis across support, sales",neutral,,medium,,,,
candidate_0118,demo/signal_engine_2_0/buyer_one_pager.md,unknown,"It surfaces concrete signals, evidence snippets, and plain-English review stories without depending on LLMs or external APIs.",neutral,,medium,,,,
candidate_0119,demo/signal_engine_2_0/buyer_one_pager.md,unknown,"It surfaces concrete signals, evidence snippets",neutral,,low,,,,
candidate_0120,demo/signal_engine_2_0/buyer_one_pager.md,unknown,and plain-English review stories without depending on LLMs or external APIs.,neutral,,medium,,,,
candidate_0121,demo/signal_engine_2_0/buyer_one_pager.md,unknown,"Support: deflection, low directness, frustration, escalation risk, resolution clarity",neutral,,medium,,,,
candidate_0124,demo/signal_engine_2_0/buyer_one_pager.md,unknown,every signal is tied to visible lexical rules and transcript evidence,neutral,,medium,,,,
candidate_0125,demo/signal_engine_2_0/buyer_one_pager.md,unknown,outputs are repeatable across runs,neutral,,low,,,,
candidate_0126,demo/signal_engine_2_0/buyer_one_pager.md,unknown,reviewers can audit why a call was flagged,neutral,,medium,,,,
candidate_0128,demo/signal_engine_2_0/buyer_one_pager.md,unknown,run on 50–500 historical conversations,neutral,,low,,,,
candidate_0129,demo/signal_engine_2_0/buyer_one_pager.md,unknown,accept CSV or JSON export,neutral,,low,,,,
candidate_0130,demo/signal_engine_2_0/buyer_one_pager.md,unknown,deliver a deterministic risk and signal report,neutral,,low,,,,
candidate_0131,demo/signal_engine_2_0/buyer_one_pager.md,unknown,support QA leads who need faster review focus,neutral,,medium,,,,
candidate_0132,demo/signal_engine_2_0/buyer_one_pager.md,unknown,sales managers who want fast deal-risk readouts from call transcripts,neutral,,medium,,,,
candidate_0133,demo/signal_engine_2_0/buyer_one_pager.md,unknown,customer success and account-management leaders watching renewals and expansions,neutral,,medium,,,,
candidate_0135,demo/signal_engine_2_0/buyer_one_pager.md,unknown,"recruiters and hiring managers evaluating product judgment, deterministic NLP design",neutral,,medium,,,,
candidate_0136,demo/signal_engine_2_0/demo_report.md,unknown,"deterministic conversation intelligence across support, sales, and account management",neutral,,medium,,,,
candidate_0137,demo/signal_engine_2_0/demo_report.md,unknown,"deterministic conversation intelligence across support, sales",neutral,,low,,,,
candidate_0138,demo/signal_engine_2_0/demo_report.md,unknown,transcript-first analysis with evidence-backed signals,neutral,,low,,,,
candidate_0139,demo/signal_engine_2_0/demo_report.md,unknown,plain-English review outputs that stay grounded in specific turns,neutral,,medium,,,,
candidate_0140,demo/signal_engine_2_0/demo_report.md,unknown,"no LLM dependency, no external API dependency, and no UI dependency",neutral,,medium,,,,
candidate_0141,demo/signal_engine_2_0/demo_report.md,unknown,"no LLM dependency, no external API dependency",neutral,,low,,,,
candidate_0144,demo/signal_engine_2_0/demo_report.md,unknown,and the customer threatens escalation and a charge dispute.,neutral,,medium,,,,
candidate_0147,demo/signal_engine_2_0/demo_report.md,unknown,"I need a real date...""",neutral,,low,,,,
candidate_0170,demo/signal_engine_2_0/demo_report.md,unknown,This would have improved customer-success review focus by showing both downside risk and upside potential in the same call.,neutral,,medium,,,,
candidate_0172,demo/signal_engine_2_0/demo_report.md,unknown,A CS leader can quickly see that the account needs recovery execution now,neutral,,medium,,,,
candidate_0174,demo/signal_engine_2_0/demo_report.md,unknown,python scripts/signal_engine_analyze.py --domain support data/signal_engine_2_0/sample_support.json,neutral,,low,,,,
candidate_0175,demo/signal_engine_2_0/demo_report.md,unknown,python scripts/signal_engine_analyze.py --domain sales data/signal_engine_2_0/sample_sales.json,neutral,,low,,,,
candidate_0176,demo/signal_engine_2_0/demo_report.md,unknown,python scripts/signal_engine_analyze.py --domain account_management data/signal_engine_2_0/sample_account_management.json,neutral,,low,,,,
candidate_0178,demo/signal_engine_2_0/demo_report.md,unknown,not a black-box AI score,neutral,,low,,,,
candidate_0179,demo/signal_engine_2_0/demo_report.md,unknown,not a replacement for managers,neutral,,low,,,,
candidate_0181,demo/signal_engine_2_0/polished_examples.md,unknown,"These examples are recruiter-, buyer-, and reviewer-facing summaries of deterministic Signal Engine 2.0 outputs.",neutral,,medium,,,,
candidate_0182,demo/signal_engine_2_0/polished_examples.md,unknown,"These examples are recruiter-, buyer-",neutral,,low,,,,
candidate_0183,demo/signal_engine_2_0/polished_examples.md,unknown,and reviewer-facing summaries of deterministic Signal Engine 2.0 outputs.,neutral,,medium,,,,
candidate_0184,demo/signal_engine_2_0/polished_examples.md,unknown,"They are meant to show how the system surfaces structured, evidence-backed signals from messy transcripts without claiming hidden intent certainty, truth detection, or black-box emotional truth.",neutral,,medium,,,,
candidate_0185,demo/signal_engine_2_0/polished_examples.md,unknown,"A customer contacts support about a billing error, says the issue has already been raised twice, and shares synthetic contact details so the case can be traced.",neutral,,medium,,,,
candidate_0186,demo/signal_engine_2_0/polished_examples.md,unknown,"A customer contacts support about a billing error, says the issue has already been raised twice",neutral,,medium,,,,
candidate_0187,demo/signal_engine_2_0/polished_examples.md,unknown,and shares synthetic contact details so the case can be traced.,neutral,,medium,,,,
candidate_0189,demo/signal_engine_2_0/polished_examples.md,unknown,"output style: deterministic flags, evidence snippets, and redaction-aware metadata",neutral,,medium,,,,
candidate_0190,demo/signal_engine_2_0/polished_examples.md,unknown,"output style: deterministic flags, evidence snippets",neutral,,low,,,,
candidate_0192,demo/signal_engine_2_0/polished_examples.md,unknown,"so I can't change it here.""",neutral,,low,,,,
candidate_0195,demo/signal_engine_2_0/polished_examples.md,unknown,"Route to a human reviewer or team lead, confirm billing ownership, and provide a concrete resolution or timeline instead of another handoff.",neutral,,medium,,,,
candidate_0196,demo/signal_engine_2_0/polished_examples.md,unknown,"Route to a human reviewer or team lead, confirm billing ownership",neutral,,medium,,,,
candidate_0197,demo/signal_engine_2_0/polished_examples.md,unknown,and provide a concrete resolution or timeline instead of another handoff.,neutral,,medium,,,,
candidate_0198,demo/signal_engine_2_0/polished_examples.md,unknown,"When `--redact-pii` is enabled, synthetic email and phone details are replaced before analysis and only hash-based redaction records are retained in metadata.",neutral,,medium,,,,
candidate_0199,demo/signal_engine_2_0/polished_examples.md,unknown,Why the output is useful:,neutral,,low,,,,
candidate_0200,demo/signal_engine_2_0/polished_examples.md,unknown,"It gives a reviewer a compact, auditable explanation of why the conversation suggests service risk, without relying on a broad summary or unsupported certainty claims.",neutral,,medium,,,,
candidate_0201,demo/signal_engine_2_0/polished_examples.md,unknown,"It gives a reviewer a compact, auditable explanation of why the conversation suggests service risk",neutral,,medium,,,,
candidate_0202,demo/signal_engine_2_0/polished_examples.md,unknown,without relying on a broad summary or unsupported certainty claims.,neutral,,medium,,,,
candidate_0204,demo/signal_engine_2_0/polished_examples.md,unknown,A prospective buyer is interested in moving forward,neutral,,medium,,,,
candidate_0208,demo/signal_engine_2_0/polished_examples.md,unknown,output style: deterministic opportunity/risk flags with transcript evidence,neutral,,medium,,,,
candidate_0211,demo/signal_engine_2_0/polished_examples.md,unknown,"""Let's try to regroup sometime next week.""",neutral,,low,,,,
candidate_0215,demo/signal_engine_2_0/polished_examples.md,unknown,No raw PII should be exposed in polished output examples,neutral,,medium,,,,
candidate_0216,demo/signal_engine_2_0/polished_examples.md,unknown,examples here use role-level context and short evidence snippets only.,neutral,,medium,,,,
candidate_0219,demo/signal_engine_2_0/polished_examples.md,unknown,and what requires review next,neutral,,low,,,,
candidate_0220,demo/signal_engine_2_0/polished_examples.md,unknown,without pretending to predict closed-won outcomes from the transcript alone.,neutral,,medium,,,,
candidate_0223,demo/signal_engine_2_0/sales_demo_output.json,sales,and the team is also comparing yo...,neutral,,low,,,,
candidate_0229,demo/signal_engine_2_0/sales_demo_output.json,sales,and I can include the security packet for pr...,neutral,,medium,,,,
candidate_0230,demo/signal_engine_2_0/support_demo_output.json,support,Low lexical overlap and few direct-answer cues in the response.,neutral,,medium,,,,
candidate_0232,demo/signal_engine_2_0/support_demo_output.json,support,Response uses a deflection phrase instead of resolving the prompt.,neutral,,medium,,,,
candidate_0234,demo/signal_engine_2_0/support_demo_output.json,support,Escalation language detected in the support exchange.,neutral,,low,,,,
candidate_0235,outputs/signal_engine_2_0/final_demo/demo_index.md,unknown,`/Users/keith/.pyenv/versions/3.11.3/bin/python scripts/signal_engine_analyze.py --domain support data/signal_engine_2_0/sample_support.json`,neutral,,low,,,,
candidate_0236,outputs/signal_engine_2_0/final_demo/demo_index.md,unknown,`/Users/keith/.pyenv/versions/3.11.3/bin/python scripts/signal_engine_analyze.py --domain sales data/signal_engine_2_0/sample_sales.json`,neutral,,low,,,,
candidate_0237,outputs/signal_engine_2_0/final_demo/demo_index.md,unknown,`/Users/keith/.pyenv/versions/3.11.3/bin/python scripts/signal_engine_analyze.py --domain account_management data/signal_engine_2_0/sample_account_management.json`,neutral,,low,,,,
candidate_0238,outputs/signal_engine_2_0/final_demo/demo_index.md,unknown,`/Users/keith/.pyenv/versions/3.11.3/bin/python scripts/signal_engine_analyze.py --domain support --redact-pii data/signal_engine_2_0/fixtures/support_tickets_realistic.jsonl`,neutral,,low,,,,
candidate_0239,outputs/signal_engine_2_0/final_demo/demo_index.md,unknown,`/Users/keith/.pyenv/versions/3.11.3/bin/python scripts/run_text_emotion_benchmark.py --input data/signal_engine_2_0/emotion_benchmark/sample_emotion_cases.jsonl --manifest data/signal_engine_2_0/dataset_manifests/emotion_benchmark_manifest.json --mode deterministic --redact-pii --out-dir outputs/signal_engine_2_0/final_demo/text_emotion_benchmark`,neutral,,medium,,,,
candidate_0240,outputs/signal_engine_2_0/final_demo/demo_index.md,unknown,`/Users/keith/.pyenv/versions/3.11.3/bin/python scripts/run_text_emotion_benchmark.py --input data/signal_engine_2_0/emotion_benchmark/sample_emotion_cases.jsonl --manifest data/signal_engine_2_0/dataset_manifests/emotion_benchmark_manifest.json --mode transformers --model-id j-hartmann/emotion-english-distilroberta-base --out-dir /Users/keith/Documents/New project/earnings-call-signal-engine-support-qa/outputs/signal_engine_2_0/text_emotion_transformer_optional`,neutral,,medium,,,,
candidate_0241,outputs/signal_engine_2_0/final_demo/demo_index.md,unknown,"support: `support_low_directness, support_deflection, support_frustration, support_escalation_risk`",neutral,,low,,,,
candidate_0242,outputs/signal_engine_2_0/final_demo/demo_index.md,unknown,"sales: `sales_pricing_risk, sales_objection_pressure, sales_competitor_pressure, sales_buyer_intent, sales_next_step_defined`",neutral,,low,,,,
candidate_0243,outputs/signal_engine_2_0/final_demo/demo_index.md,unknown,"account management: `account_churn_risk, account_renewal_risk, account_unresolved_issues, account_negative_sentiment, account_expansion_opportunity, account_commitment_defined`",neutral,,medium,,,,
candidate_0244,outputs/signal_engine_2_0/final_demo/demo_index.md,unknown,"redaction summary: `{""enabled"": true, ""summary"": {""by_type"": {""email"": 1, ""phone"": 1}, ""total_redactions"": 2, ""unique_hashes"": 2}}`",neutral,,medium,,,,
candidate_0245,outputs/signal_engine_2_0/final_demo/demo_index.md,unknown,"warning: tiny handcrafted fixture, useful for harness validation only",neutral,,medium,,,,
candidate_0246,outputs/signal_engine_2_0/final_demo/demo_index.md,unknown,Optional transformer benchmark ran successfully at /Users/keith/Documents/New project/earnings-call-signal-engine-support-qa/outputs/signal_engine_2_0/text_emotion_transformer_optional.,neutral,,medium,,,,
candidate_0247,outputs/signal_engine_2_0/final_demo/demo_index.md,unknown,deterministic transcript outputs remain canonical,neutral,,low,,,,
candidate_0248,outputs/signal_engine_2_0/final_demo/demo_index.md,unknown,benchmark fixture is tiny and handcrafted,neutral,,low,,,,
candidate_0249,outputs/signal_engine_2_0/final_demo/demo_index.md,unknown,no truth-detection or black-box emotion score is treated as product truth,neutral,,medium,,,,
candidate_0250,outputs/signal_engine_2_0/final_demo/pii_redacted_support_output.json,support,Prompt did not receive a matching response turn.,neutral,,medium,,,,
candidate_0255,outputs/signal_engine_2_0/final_demo/text_emotion_benchmark/report.md,unknown,name: Signal Engine 2.0 handcrafted text emotion benchmark fixture,neutral,,medium,,,,
candidate_0256,outputs/signal_engine_2_0/final_demo/text_emotion_benchmark/report.md,unknown,pii_status: Contains synthetic placeholder contact details for redaction validation only.,neutral,,medium,,,,
candidate_0257,outputs/signal_engine_2_0/final_demo/text_emotion_benchmark/report.md,unknown,| path | size_bytes | record_count |,neutral,,low,,,,
candidate_0258,outputs/signal_engine_2_0/final_demo/text_emotion_benchmark/report.md,unknown,| `/Users/keith/Documents/New project/earnings-call-signal-engine-support-qa/data/signal_engine_2_0/emotion_benchmark/sample_emotion_cases.jsonl` | 4132 | 14 |,neutral,,medium,,,,
candidate_0260,outputs/signal_engine_2_0/final_demo/text_emotion_benchmark/report.md,unknown,| label | support |,neutral,,low,,,,
candidate_0261,outputs/signal_engine_2_0/final_demo/text_emotion_benchmark/report.md,unknown,| anger | 2 |,neutral,,low,,,,
candidate_0262,outputs/signal_engine_2_0/final_demo/text_emotion_benchmark/report.md,unknown,| frustration | 2 |,neutral,,low,,,,
candidate_0263,outputs/signal_engine_2_0/final_demo/text_emotion_benchmark/report.md,unknown,| confusion | 2 |,neutral,,low,,,,
candidate_0264,outputs/signal_engine_2_0/final_demo/text_emotion_benchmark/report.md,unknown,| satisfaction | 2 |,neutral,,low,,,,
candidate_0265,outputs/signal_engine_2_0/final_demo/text_emotion_benchmark/report.md,unknown,| neutral | 2 |,neutral,,low,,,,
candidate_0267,outputs/signal_engine_2_0/final_demo/text_emotion_benchmark/report.md,unknown,| urgency | 2 |,neutral,,low,,,,
candidate_0268,outputs/signal_engine_2_0/final_demo/text_emotion_benchmark/report.md,unknown,| label | precision | recall | f1 | support |,neutral,,medium,,,,
candidate_0269,outputs/signal_engine_2_0/final_demo/text_emotion_benchmark/report.md,unknown,| anger | 1.0000 | 1.0000 | 1.0000 | 2 |,neutral,,medium,,,,
candidate_0270,outputs/signal_engine_2_0/final_demo/text_emotion_benchmark/report.md,unknown,| frustration | 1.0000 | 1.0000 | 1.0000 | 2 |,neutral,,medium,,,,
candidate_0271,outputs/signal_engine_2_0/final_demo/text_emotion_benchmark/report.md,unknown,| confusion | 1.0000 | 1.0000 | 1.0000 | 2 |,neutral,,medium,,,,
candidate_0272,outputs/signal_engine_2_0/final_demo/text_emotion_benchmark/report.md,unknown,| satisfaction | 1.0000 | 1.0000 | 1.0000 | 2 |,neutral,,medium,,,,
candidate_0273,outputs/signal_engine_2_0/final_demo/text_emotion_benchmark/report.md,unknown,| neutral | 1.0000 | 1.0000 | 1.0000 | 2 |,neutral,,medium,,,,
candidate_0275,outputs/signal_engine_2_0/final_demo/text_emotion_benchmark/report.md,unknown,| urgency | 1.0000 | 1.0000 | 1.0000 | 2 |,neutral,,medium,,,,
candidate_0277,outputs/signal_engine_2_0/final_demo/text_emotion_benchmark/report.md,unknown,| anger | 2 | 0 | 0 | 0 | 0 | 0 | 0 |,neutral,,medium,,,,
candidate_0278,outputs/signal_engine_2_0/final_demo/text_emotion_benchmark/report.md,unknown,| frustration | 0 | 2 | 0 | 0 | 0 | 0 | 0 |,neutral,,medium,,,,
candidate_0279,outputs/signal_engine_2_0/final_demo/text_emotion_benchmark/report.md,unknown,| confusion | 0 | 0 | 2 | 0 | 0 | 0 | 0 |,neutral,,medium,,,,
candidate_0280,outputs/signal_engine_2_0/final_demo/text_emotion_benchmark/report.md,unknown,| satisfaction | 0 | 0 | 0 | 2 | 0 | 0 | 0 |,neutral,,medium,,,,
candidate_0281,outputs/signal_engine_2_0/final_demo/text_emotion_benchmark/report.md,unknown,| neutral | 0 | 0 | 0 | 0 | 2 | 0 | 0 |,neutral,,medium,,,,
candidate_0283,outputs/signal_engine_2_0/final_demo/text_emotion_benchmark/report.md,unknown,| urgency | 0 | 0 | 0 | 0 | 0 | 0 | 2 |,neutral,,medium,,,,
candidate_0284,outputs/signal_engine_2_0/final_demo/text_emotion_benchmark/report.md,unknown,"by_type: `{""email"": 1, ""phone"": 1}`",neutral,,low,,,,
candidate_0286,outputs/signal_engine_2_0/final_demo/text_emotion_benchmark/report.md,unknown,compare deterministic results against optional local transformer baselines,neutral,,medium,,,,
candidate_0287,outputs/signal_engine_2_0/final_demo/text_emotion_benchmark/report.md,unknown,keep transcript-first deterministic analysis canonical while audio/video remain adapter-ready roadmap,neutral,,medium,,,,
candidate_0289,outputs/signal_engine_2_0/multimodal_feature_report.json,unknown,"Review hedged language against concrete dates, owners, and commitments.",neutral,,medium,,,,
candidate_0290,outputs/signal_engine_2_0/multimodal_feature_report.json,unknown,"Review hedged language against concrete dates, owners",neutral,,low,,,,
candidate_0292,outputs/signal_engine_2_0/multimodal_feature_report.json,unknown,Verify that reassurance is backed by a concrete plan rather than a generic promise.,neutral,,medium,,,,
candidate_0294,outputs/signal_engine_2_0/multimodal_feature_report.json,unknown,"Review the objection, pressure, or analyst challenge before deciding severity.",neutral,,medium,,,,
candidate_0295,outputs/signal_engine_2_0/multimodal_feature_report.json,unknown,"Matched deterministic transcript cues: still, does not solve.",neutral,,medium,,,,
candidate_0296,outputs/signal_engine_2_0/multimodal_feature_report.json,unknown,Compare the surrounding turns to see whether the speaker is walking back a prior statement.,neutral,,medium,,,,
candidate_0299,outputs/signal_engine_2_0/multimodal_feature_report.json,unknown,"Signals are review cues, not claims about internal state.",neutral,,medium,,,,
candidate_0300,outputs/signal_engine_2_0/multimodal_feature_report.json,unknown,audio and video are optional support only.,neutral,,low,,,,
candidate_0301,outputs/signal_engine_2_0/multimodal_feature_report.json,unknown,No audio file was provided.,neutral,,low,,,,
candidate_0302,outputs/signal_engine_2_0/multimodal_feature_report.json,unknown,Audio cues are optional support only and never canonical truth.,neutral,,medium,,,,
candidate_0303,outputs/signal_engine_2_0/multimodal_feature_report.json,unknown,No video file was provided.,neutral,,low,,,,
candidate_0304,outputs/signal_engine_2_0/multimodal_feature_report.json,unknown,Video cues remain optional review support only.,neutral,,low,,,,
candidate_0305,outputs/signal_engine_2_0/multimodal_feature_report.json,unknown,Transcript evidence is primary for this review cue.,neutral,,medium,,,,
candidate_0307,outputs/signal_engine_2_0/multimodal_feature_report.json,unknown,"Verify whether reassuring language is backed by owners, dates, and concrete evidence.",neutral,,medium,,,,
candidate_0308,outputs/signal_engine_2_0/multimodal_feature_report.json,unknown,"Verify whether reassuring language is backed by owners, dates",neutral,,medium,,,,
candidate_0309,outputs/signal_engine_2_0/multimodal_feature_report.json,unknown,Check the underlying turns and media cues before escalating severity.,neutral,,medium,,,,
candidate_0310,outputs/signal_engine_2_0/multimodal_feature_report.json,unknown,Compare apparently conflicting statements directly in the transcript.,neutral,,medium,,,,
candidate_0311,outputs/signal_engine_2_0/multimodal_feature_report.json,unknown,Transcript-first deterministic evidence remains canonical.,neutral,,low,,,,
candidate_0312,outputs/signal_engine_2_0/multimodal_feature_report.json,unknown,"Signals are review cues, not claims about hidden emotion, truthfulness, or diagnosis.",neutral,,medium,,,,
candidate_0313,outputs/signal_engine_2_0/multimodal_feature_report.json,unknown,"Missing or unsupported modalities: audio, video.",neutral,,low,,,,
candidate_0314,outputs/signal_engine_2_0/text_emotion_transformer_optional/report.md,unknown,| anger | 0.6667 | 1.0000 | 0.8000 | 2 |,neutral,,medium,,,,
candidate_0315,outputs/signal_engine_2_0/text_emotion_transformer_optional/report.md,unknown,| frustration | 0.0000 | 0.0000 | 0.0000 | 2 |,neutral,,medium,,,,
candidate_0316,outputs/signal_engine_2_0/text_emotion_transformer_optional/report.md,unknown,| confusion | 0.0000 | 0.0000 | 0.0000 | 2 |,neutral,,medium,,,,
candidate_0317,outputs/signal_engine_2_0/text_emotion_transformer_optional/report.md,unknown,| neutral | 0.3333 | 1.0000 | 0.5000 | 2 |,neutral,,medium,,,,
candidate_0318,outputs/signal_engine_2_0/text_emotion_transformer_optional/report.md,unknown,| urgency | 0.0000 | 0.0000 | 0.0000 | 2 |,neutral,,medium,,,,
candidate_0319,outputs/signal_engine_2_0/text_emotion_transformer_optional/report.md,unknown,| frustration | 1 | 0 | 0 | 0 | 1 | 0 | 0 |,neutral,,medium,,,,
candidate_0320,outputs/signal_engine_2_0/text_emotion_transformer_optional/report.md,unknown,| confusion | 0 | 0 | 0 | 0 | 1 | 0 | 1 |,neutral,,medium,,,,
candidate_0321,outputs/signal_engine_2_0/text_emotion_transformer_optional/report.md,unknown,| urgency | 0 | 0 | 0 | 0 | 2 | 0 | 0 |,neutral,,medium,,,,
