rank,case_id,ticker,company_name,fiscal_period,local_path,source_sha256,file_size,extension,candidate_reason,source_url,rights_tier,eval_allowed,training_allowed,commit_allowed,manual_action,registration_ready
1,orcl_2026_q1,ORCL,Oracle Corporation,2026_Q1,/Users/keith/Desktop/Signal Engine 2.0 Earning Calls/transcripts/ORCL_2026_Q1/raw/transcript.txt,sha256:c17f5bffcd0d565e3f5747c58094815d056c8854d95071ebb554e13d34361325,35310,.txt,NYSE 30 target; raw transcript file; .txt file; plausible full-transcript size; source_url missing; rights_tier=unknown,,unknown,false,false,false,Fill source_url and explicit rights_tier; leave training_allowed=false unless rights explicitly permit.,false
2,bac_2025_q4,BAC,Bank of America Corporation,2025_Q4,/Users/keith/Desktop/Signal Engine 2.0 Earning Calls/transcripts/BAC_2025_Q4/raw/transcript.txt,sha256:16af6e9851ce58c3cb8ad80e0b83d4055d4f91688154d8ca6c8ef3dfe374d43f,77762,.txt,NYSE 30 target; raw transcript file; .txt file; plausible full-transcript size; source_url missing; rights_tier=unknown,,unknown,false,false,false,Fill source_url and explicit rights_tier; leave training_allowed=false unless rights explicitly permit.,false
3,ba_2025_q4,BA,The Boeing Company,2025_Q4,/Users/keith/Desktop/Signal Engine 2.0 Earning Calls/transcripts/BA_2025_Q4/raw/transcript.txt,sha256:b11da49e0938c7d19636976c54e8b9f7aec74f1f77d71b284d02d41269627d84,51340,.txt,NYSE 30 target; raw transcript file; .txt file; plausible full-transcript size; source_url missing; rights_tier=unknown,,unknown,false,false,false,Fill source_url and explicit rights_tier; leave training_allowed=false unless rights explicitly permit.,false
4,cat_2025_q4,CAT,Caterpillar Inc.,2025_Q4,/Users/keith/Desktop/Signal Engine 2.0 Earning Calls/transcripts/CAT_2025_Q4/raw/transcript.txt,sha256:3e46aa409287e9084af5869257ff7d984719265a4a866ebc9d65ae4006a0dcbf,57265,.txt,NYSE 30 target; raw transcript file; .txt file; plausible full-transcript size; source_url missing; rights_tier=unknown,,unknown,false,false,false,Fill source_url and explicit rights_tier; leave training_allowed=false unless rights explicitly permit.,false
5,crm_2025_q4,CRM,"Salesforce, Inc.",2025_Q4,/Users/keith/Desktop/Signal Engine 2.0 Earning Calls/transcripts/CRM_2025_Q4/raw/transcript 2.txt,sha256:dda6409d9b633a3d09e268563e6888d85f7e7c4cf85e1db0197a61e28fa1908d,68650,.txt,NYSE 30 target; raw transcript file; .txt file; plausible full-transcript size; source_url missing; rights_tier=unknown,,unknown,false,false,false,Fill source_url and explicit rights_tier; leave training_allowed=false unless rights explicitly permit.,false
6,de_2025_q4,DE,Deere & Company,2025_Q4,/Users/keith/Desktop/Signal Engine 2.0 Earning Calls/transcripts/DE_2025_Q4/raw/transcript.txt,sha256:6375c27976ff2a066afa18b970fd45a2bfd73865e7b1416367049d8d48dc5fb8,91705,.txt,NYSE 30 target; raw transcript file; .txt file; plausible full-transcript size; source_url missing; rights_tier=unknown,,unknown,false,false,false,Fill source_url and explicit rights_tier; leave training_allowed=false unless rights explicitly permit.,false
7,dis_2025_q4,DIS,The Walt Disney Company,2025_Q4,/Users/keith/Desktop/Signal Engine 2.0 Earning Calls/transcripts/DIS_2025_Q4/raw/transcript.txt,sha256:5032249abd9d8287d590340d320ecf9f6c86713b242aa7523e5fe7fe42179b57,48771,.txt,NYSE 30 target; raw transcript file; .txt file; plausible full-transcript size; source_url missing; rights_tier=unknown,,unknown,false,false,false,Fill source_url and explicit rights_tier; leave training_allowed=false unless rights explicitly permit.,false
8,hd_2025_q4,HD,"The Home Depot, Inc.",2025_Q4,/Users/keith/Desktop/Signal Engine 2.0 Earning Calls/transcripts/HD_2025_Q4/raw/transcript.txt,sha256:0f8a73aa61c1d8b88759a36ee63b268237198102dd0869ce5a27629fd6859034,51667,.txt,NYSE 30 target; raw transcript file; .txt file; plausible full-transcript size; source_url missing; rights_tier=unknown,,unknown,false,false,false,Fill source_url and explicit rights_tier; leave training_allowed=false unless rights explicitly permit.,false
9,jnj_2025_q4,JNJ,Johnson & Johnson,2025_Q4,/Users/keith/Desktop/Signal Engine 2.0 Earning Calls/transcripts/JNJ_2025_Q4/raw/transcript.txt,sha256:42068acfeaca2e49f0b6cd571082f99e4724021641ffff80bd0c1f066e9cc1b3,78317,.txt,NYSE 30 target; raw transcript file; .txt file; plausible full-transcript size; source_url missing; rights_tier=unknown,,unknown,false,false,false,Fill source_url and explicit rights_tier; leave training_allowed=false unless rights explicitly permit.,false
10,jpm_2025_q4,JPM,JPMorgan Chase & Co.,2025_Q4,/Users/keith/Desktop/Signal Engine 2.0 Earning Calls/transcripts/JPM_2025_Q4/raw/transcript.txt,sha256:3e9e94273790808d8f0bbff95d7b190a2231ed34b44f8b76f0d82df4a276dc7d,64037,.txt,NYSE 30 target; raw transcript file; .txt file; plausible full-transcript size; source_url missing; rights_tier=unknown,,unknown,false,false,false,Fill source_url and explicit rights_tier; leave training_allowed=false unless rights explicitly permit.,false
11,lly_2025_q4,LLY,Eli Lilly and Company,2025_Q4,/Users/keith/Desktop/Signal Engine 2.0 Earning Calls/transcripts/LLY_2025_Q4/raw/transcript.txt,sha256:9104e758496d772bb0cf525f936e76ba2744968cb0215e07e53a10a44cbf378f,63861,.txt,NYSE 30 target; raw transcript file; .txt file; plausible full-transcript size; source_url missing; rights_tier=unknown,,unknown,false,false,false,Fill source_url and explicit rights_tier; leave training_allowed=false unless rights explicitly permit.,false
12,nke_2025_q4,NKE,"NIKE, Inc.",2025_Q4,/Users/keith/Desktop/Signal Engine 2.0 Earning Calls/transcripts/NKE_2025_Q4/raw/transcript 2.txt,sha256:204b0cf4aaebebc5906a223edfdfa10a9867650dab11c28871cedc5df2a67ebd,51983,.txt,NYSE 30 target; raw transcript file; .txt file; plausible full-transcript size; source_url missing; rights_tier=unknown,,unknown,false,false,false,Fill source_url and explicit rights_tier; leave training_allowed=false unless rights explicitly permit.,false
13,now_2025_q4,NOW,"ServiceNow, Inc.",2025_Q4,/Users/keith/Desktop/Signal Engine 2.0 Earning Calls/transcripts/NOW_2025_Q4/raw/transcript.txt,sha256:3ba665af32be224a345e83cde6607d14bced1b5d204da2b3cedf878c2640ce7f,62430,.txt,NYSE 30 target; raw transcript file; .txt file; plausible full-transcript size; source_url missing; rights_tier=unknown,,unknown,false,false,false,Fill source_url and explicit rights_tier; leave training_allowed=false unless rights explicitly permit.,false
14,pfe_2025_q4,PFE,Pfizer Inc.,2025_Q4,/Users/keith/Desktop/Signal Engine 2.0 Earning Calls/transcripts/PFE_2025_Q4/raw/transcript.txt,sha256:09a7a4eefaea5b909af586353084bf21b18a12f1a86d6a5b1b43b9db929a9c9b,81499,.txt,NYSE 30 target; raw transcript file; .txt file; plausible full-transcript size; source_url missing; rights_tier=unknown,,unknown,false,false,false,Fill source_url and explicit rights_tier; leave training_allowed=false unless rights explicitly permit.,false
15,wmt_2025_q4,WMT,Walmart Inc.,2025_Q4,/Users/keith/Desktop/Signal Engine 2.0 Earning Calls/transcripts/WMT_2025_Q4/raw/transcript.txt,sha256:5a58cca1253dbca31d4fe14890499646b23a6f9ef4a465b483337848f1f95d77,88038,.txt,NYSE 30 target; raw transcript file; .txt file; plausible full-transcript size; source_url missing; rights_tier=unknown,,unknown,false,false,false,Fill source_url and explicit rights_tier; leave training_allowed=false unless rights explicitly permit.,false
16,nvda_2026_q4,NVDA,,2026_Q4,/Users/keith/Desktop/Signal Engine 2.0 Earning Calls/transcripts/NVDA_2026_Q4/raw/transcript.txt,sha256:3bda0f56feacc699cabeaec2de4f04cf76bde5c91bd487e63e043115f0be4002,40741,.txt,raw transcript file; .txt file; plausible full-transcript size; source_url missing; rights_tier=unknown,,unknown,false,false,false,Fill source_url and explicit rights_tier; leave training_allowed=false unless rights explicitly permit.,false
17,aapl_2026_q1,AAPL,,2026_Q1,/Users/keith/Desktop/Signal Engine 2.0 Earning Calls/transcripts/AAPL_2026_Q1/raw/transcript.txt,sha256:c81e2a120a7e41aff0253430818806dbc9d1877af2b1117e63ef5c701ea8c696,48364,.txt,raw transcript file; .txt file; plausible full-transcript size; source_url missing; rights_tier=unknown,,unknown,false,false,false,Fill source_url and explicit rights_tier; leave training_allowed=false unless rights explicitly permit.,false
18,msft_2026_q1,MSFT,,2026_Q1,/Users/keith/Desktop/Signal Engine 2.0 Earning Calls/transcripts/MSFT_2026_Q1/raw/transcript.txt,sha256:f725bd96b771817b83cfeede5bd299af528163a2bbd47ab3a96d972ebe95977b,52901,.txt,raw transcript file; .txt file; plausible full-transcript size; source_url missing; rights_tier=unknown,,unknown,false,false,false,Fill source_url and explicit rights_tier; leave training_allowed=false unless rights explicitly permit.,false
19,adbe_2025_q4,ADBE,,2025_Q4,/Users/keith/Desktop/Signal Engine 2.0 Earning Calls/transcripts/ADBE_2025_Q4/raw/transcript.txt,sha256:f9cf2f4c2e3f88734b1c342dcdaabff45a092f03240d316fc71496f9d38186e9,74578,.txt,raw transcript file; .txt file; plausible full-transcript size; source_url missing; rights_tier=unknown,,unknown,false,false,false,Fill source_url and explicit rights_tier; leave training_allowed=false unless rights explicitly permit.,false
20,amd_2025_q4,AMD,,2025_Q4,/Users/keith/Desktop/Signal Engine 2.0 Earning Calls/transcripts/AMD_2025_Q4/raw/transcript.txt,sha256:e28ca92c533ff2eb042cb2cb45661c7dd8c08730e6b40ec48bf9daf4bfa4d771,48833,.txt,raw transcript file; .txt file; plausible full-transcript size; source_url missing; rights_tier=unknown,,unknown,false,false,false,Fill source_url and explicit rights_tier; leave training_allowed=false unless rights explicitly permit.,false
21,amzn_2025_q4,AMZN,,2025_Q4,/Users/keith/Desktop/Signal Engine 2.0 Earning Calls/transcripts/AMZN_2025_Q4/raw/transcript.txt,sha256:ea5a573989bec94dacd82a317c1c7ff57014788767219d3880b4c72a326dc858,53826,.txt,raw transcript file; .txt file; plausible full-transcript size; source_url missing; rights_tier=unknown,,unknown,false,false,false,Fill source_url and explicit rights_tier; leave training_allowed=false unless rights explicitly permit.,false
22,fdx_2025_q4,FDX,,2025_Q4,/Users/keith/Desktop/Signal Engine 2.0 Earning Calls/transcripts/FDX_2025_Q4/raw/transcript 2.txt,sha256:56ae464355874c25e83229266c74590b61d4b42c0ba93f17c247f792aece0350,57456,.txt,raw transcript file; .txt file; plausible full-transcript size; source_url missing; rights_tier=unknown,,unknown,false,false,false,Fill source_url and explicit rights_tier; leave training_allowed=false unless rights explicitly permit.,false
23,googl_2025_q4,GOOGL,,2025_Q4,/Users/keith/Desktop/Signal Engine 2.0 Earning Calls/transcripts/GOOGL_2025_Q4/raw/transcript.txt,sha256:5cc20ff82cd106b878d9658caa3095b0a25ca258a488a71189f51c136be044dc,60869,.txt,raw transcript file; .txt file; plausible full-transcript size; source_url missing; rights_tier=unknown,,unknown,false,false,false,Fill source_url and explicit rights_tier; leave training_allowed=false unless rights explicitly permit.,false
24,intc_2025_q4,INTC,,2025_Q4,/Users/keith/Desktop/Signal Engine 2.0 Earning Calls/transcripts/INTC_2025_Q4/raw/transcript.txt,sha256:2fd839130a0e4ce38bf4e998e92bcd8991dc1648acf29c469f4383dc3ca9245a,52011,.txt,raw transcript file; .txt file; plausible full-transcript size; source_url missing; rights_tier=unknown,,unknown,false,false,false,Fill source_url and explicit rights_tier; leave training_allowed=false unless rights explicitly permit.,false
25,meta_2025_q4,META,,2025_Q4,/Users/keith/Desktop/Signal Engine 2.0 Earning Calls/transcripts/META_2025_Q4/raw/transcript 2.txt,sha256:c7b8699ef5ebde8ebe6858c6b0f7f3a475f19fec48f737ee5b09fdd29ddd3b33,58888,.txt,raw transcript file; .txt file; plausible full-transcript size; source_url missing; rights_tier=unknown,,unknown,false,false,false,Fill source_url and explicit rights_tier; leave training_allowed=false unless rights explicitly permit.,false
26,pypl_2025_q4,PYPL,,2025_Q4,/Users/keith/Desktop/Signal Engine 2.0 Earning Calls/transcripts/PYPL_2025_Q4/raw/transcript.txt,sha256:d260e1638bce0d075d7b4dd53eb1728a9f2d1997f18c8d77e7b57f636728403a,74058,.txt,raw transcript file; .txt file; plausible full-transcript size; source_url missing; rights_tier=unknown,,unknown,false,false,false,Fill source_url and explicit rights_tier; leave training_allowed=false unless rights explicitly permit.,false
27,snow_2025_q4,SNOW,,2025_Q4,/Users/keith/Desktop/Signal Engine 2.0 Earning Calls/transcripts/SNOW_2025_Q4/raw/transcript 2.txt,sha256:9183197a51f82eae08ff0d9caf8ebe962a72b1e08a46d72d600f8e202ea4a601,80842,.txt,raw transcript file; .txt file; plausible full-transcript size; source_url missing; rights_tier=unknown,,unknown,false,false,false,Fill source_url and explicit rights_tier; leave training_allowed=false unless rights explicitly permit.,false
28,tgt_2025_q4,TGT,,2025_Q4,/Users/keith/Desktop/Signal Engine 2.0 Earning Calls/transcripts/TGT_2025_Q4/raw/transcript.txt,sha256:b7ec02d67d72394da6a467d3bbf713d830df0395bda262c41e08ac3ab13223c2,126173,.txt,raw transcript file; .txt file; plausible full-transcript size; source_url missing; rights_tier=unknown,,unknown,false,false,false,Fill source_url and explicit rights_tier; leave training_allowed=false unless rights explicitly permit.,false
29,tsla_2025_q4,TSLA,,2025_Q4,/Users/keith/Desktop/Signal Engine 2.0 Earning Calls/transcripts/TSLA_2025_Q4/raw/transcript.txt,sha256:e56123e9360426c088a94c4cdcda1e95417778da3b1dca2824653df21f746a97,45807,.txt,raw transcript file; .txt file; plausible full-transcript size; source_url missing; rights_tier=unknown,,unknown,false,false,false,Fill source_url and explicit rights_tier; leave training_allowed=false unless rights explicitly permit.,false
30,ups_2025_q4,UPS,,2025_Q4,/Users/keith/Desktop/Signal Engine 2.0 Earning Calls/transcripts/UPS_2025_Q4/raw/transcript.txt,sha256:7829ba74f033ba0190f576f83481a55735e8dacd20fe573079c6809ef3dd43f6,58465,.txt,raw transcript file; .txt file; plausible full-transcript size; source_url missing; rights_tier=unknown,,unknown,false,false,false,Fill source_url and explicit rights_tier; leave training_allowed=false unless rights explicitly permit.,false
