candidate_id,case_id,ticker,fiscal_period,suggested_label,retrieval_object_id,retrieval_object_type,retrieval_priority,evidence_object_id,chunk_id,source_sha256,normalized_transcript_hash,provenance_hash,raw_text_returned
sha256:6280f9db8a5cf0a58a47ba4fd,bac_2025_q4,BAC,2025 Q4,neutral/no_signal,evidence_e4ea6676da78e9c9,evidence_object,1,evidence_e4ea6676da78e9c9,chunk_80b1bfb135d3c002,sha256:3f68b8abe347f2eddb1a70e836eee558d4d39e41871c1773daf4cee7752e58da,sha256:bdaaaa1ad7c3a4f1a3b35b36e96fe0d24ce0eed1e7491cd5becadc2d301f903f,sha256:6dfd49f09ee877108ddd350b39348f7ade7c1eaa4e4b2761a08d8ad8d9b56818,false
sha256:beffce9258c7e2f5cf2d2b58f,f_2025_q1,F,2025 Q1,guidance_statement,evidence_ca5c334eabf43b76,evidence_object,1,evidence_ca5c334eabf43b76,chunk_639d047f6bc53757,sha256:34cfd9da1094797400fddc5cba2ba0045e3d1920723ebbd7b4628c0d07ecf32f,sha256:ef362fc48eadfe886b4476ebd1930dab8ee0dccc73146ce53503da6c2ba271a9,sha256:c7247ed6d9f551c72b729c8c93e4a60a2777865011e82757aeaedcf1ad520bcc,false
sha256:bfee8ed2eed9cdfb49dd1a903,f_2025_q1,F,2025 Q1,management_hedging,evidence_e2cfcf3f39ff87b6,evidence_object,1,evidence_e2cfcf3f39ff87b6,chunk_ce5ae796123f6b93,sha256:34cfd9da1094797400fddc5cba2ba0045e3d1920723ebbd7b4628c0d07ecf32f,sha256:ef362fc48eadfe886b4476ebd1930dab8ee0dccc73146ce53503da6c2ba271a9,sha256:ce18532f380406fea0178326bb66af2d3d75dbfbc1aacf4885e08791668d2454,false
sha256:b7a67307b7f84d57c1225b7e3,f_2025_q1,F,2025 Q1,guidance_statement,evidence_f9e163da78e27c77,evidence_object,1,evidence_f9e163da78e27c77,chunk_9b4ade2607aaefb1,sha256:34cfd9da1094797400fddc5cba2ba0045e3d1920723ebbd7b4628c0d07ecf32f,sha256:ef362fc48eadfe886b4476ebd1930dab8ee0dccc73146ce53503da6c2ba271a9,sha256:183c2139b21261881d371b06e9cfaff4fef507273b6c48036a39218b844ff734,false
sha256:3be1c839214db9717845ab783,jpm_2024_q1,JPM,2024 Q1,guidance_statement,evidence_0d2ac3b9e4a65be8,evidence_object,1,evidence_0d2ac3b9e4a65be8,chunk_846b914c9a8700b0,sha256:4ecc3387f5c6a8c23276665573381fdef37b403f0c73d864b0fd79b285cf79d7,sha256:fb1944d651d375dbb7832b50a5cbf6dead50ab02a0f10edc647b350d9c3a6f08,sha256:0c3d80f0546b0740a6e1ddb2d5cb65c3d1772bd314840e9a5bba168744f88f12,false
sha256:22f6d15b476296486432175b2,jpm_2024_q1,JPM,2024 Q1,guidance_statement,evidence_764d9cc32c1d458d,evidence_object,1,evidence_764d9cc32c1d458d,chunk_47355238016183b3,sha256:4ecc3387f5c6a8c23276665573381fdef37b403f0c73d864b0fd79b285cf79d7,sha256:fb1944d651d375dbb7832b50a5cbf6dead50ab02a0f10edc647b350d9c3a6f08,sha256:bb9f91ca901f20edc88e7ac538e2a557d073e5c2a924cd0aa5cf692ceedcb59c,false
sha256:3dda84e1254ac0f14a6c31fcc,jpm_2024_q1,JPM,2024 Q1,guidance_statement,evidence_85f40c63ee268b12,evidence_object,1,evidence_85f40c63ee268b12,chunk_3269e1a6503e4e30,sha256:4ecc3387f5c6a8c23276665573381fdef37b403f0c73d864b0fd79b285cf79d7,sha256:fb1944d651d375dbb7832b50a5cbf6dead50ab02a0f10edc647b350d9c3a6f08,sha256:031a5398bd27a301db997e5fa7ecf8d6681c7c17a83ded5ef9d8da779dd0148e,false
sha256:8eb03a8807ea7d5436044fbb8,jpm_2024_q1,JPM,2024 Q1,uncertainty,evidence_9a4608fc0e8d1906,evidence_object,1,evidence_9a4608fc0e8d1906,chunk_ff07046c90486701,sha256:4ecc3387f5c6a8c23276665573381fdef37b403f0c73d864b0fd79b285cf79d7,sha256:fb1944d651d375dbb7832b50a5cbf6dead50ab02a0f10edc647b350d9c3a6f08,sha256:1fd0e960ad517fbcf55da9dcbdc3828314a3000d8d993b2c267c1dc5cae8f473,false
sha256:d19efe49c343c1f12fcb4e966,jpm_2024_q1,JPM,2024 Q1,guidance_statement,evidence_a25ce81d8ee3dccd,evidence_object,1,evidence_a25ce81d8ee3dccd,chunk_2beb3e824425184b,sha256:4ecc3387f5c6a8c23276665573381fdef37b403f0c73d864b0fd79b285cf79d7,sha256:fb1944d651d375dbb7832b50a5cbf6dead50ab02a0f10edc647b350d9c3a6f08,sha256:403ae3c5653970773d63ed16c5d498f34fe81f16461f808f7eb4dbec16007f01,false
sha256:34e83480a429cb517a5b60676,jpm_2024_q2,JPM,2024 Q2,analyst_pressure,evidence_4020d457eb1abc6a,evidence_object,1,evidence_4020d457eb1abc6a,chunk_2e63d1dac61177da,sha256:da03ff9709cda967dc85fec54235bd1a2f97682fa5b3b236e084bbdcf8151585,sha256:4fbf0ef593a6b1b822fa118d6b245f0b184ab7f65f7d090e943f427016c5e647,sha256:e63b39188a85f6b3b8d3b3cac50938a00a5a8233aeb49024ed0b87d109479811,false
sha256:36873c635c11003a4f70fa068,jpm_2024_q3,JPM,2024 Q3,analyst_pressure,evidence_cd3ccbd971c33aee,evidence_object,1,evidence_cd3ccbd971c33aee,chunk_98cfac4850a97029,sha256:23979f93ec4f88a7a31d13e23bc4c0aa3e7d7f9e02300c4a6fba0ef0043444e0,sha256:ef8079d89554b1ecb4abc2c35c074435ae9c15048a05a2f48194422f0009cdc0,sha256:e4a84c5368ab77fc6f7f68b1bbfff3c80a4d14dd74bb31f52ebb6606e581530f,false
sha256:bc2d33c456eac4181cacdedff,jpm_2024_q4,JPM,2024 Q4,analyst_pressure,evidence_ae1db0e6bd5772ca,evidence_object,1,evidence_ae1db0e6bd5772ca,chunk_9bf716a42deb477c,sha256:391b4dff8f71c53e61a8a61148a966c796289bb79a180d40ea1c707299a4a3ec,sha256:83a985d507183b95b317ab4a22fc09c2ba0780ab01a2d88765a1ce33f987dd48,sha256:2db0ed85c57903b19e5733c9ff97b240ddb694ce3359c21d10636641d2ee1375,false
sha256:52278bf12dadace260d107fa9,jpm_2025_q1,JPM,2025 Q1,analyst_pressure,evidence_bad98f0637801ba8,evidence_object,1,evidence_bad98f0637801ba8,chunk_06f9f3ff1066277c,sha256:4443844be1c36e8aa3826e7713da962087469b319aad806800526919906d3967,sha256:cac2b59a92287f9dc606ff9d040470b3c7e8b0abab28950ed9f11f0f23e396a4,sha256:d2bfe6e04bb0db8355138dd59939a94ab2b86ec12015a4c5db929f7d08cff68b,false
sha256:acc4398049e29969397b4eda7,jpm_2025_q2,JPM,2025 Q2,analyst_pressure,evidence_a68bfad97ab39bed,evidence_object,1,evidence_a68bfad97ab39bed,chunk_36b6ca5bfff410a0,sha256:e126c41a79d11ac4edb3e422042198d10962a2a0c7c7036704544fb826bcbbba,sha256:f26723b03dec27890010ff4b9edf2d2b4be1300b4aecd1e4b3b28205eebd22d3,sha256:2291e873eaabaa8adc19bc66d838d1ab73f569b3eb4c386ddb5a542ba1c7e1cf,false
sha256:8d4b06af9cee3b0b406e67fe8,jpm_2025_q3,JPM,2025 Q3,analyst_pressure,evidence_17e01b91161a042f,evidence_object,1,evidence_17e01b91161a042f,chunk_aadb724d54431b44,sha256:785605abf40743a5f4d14c36a363ea22afc8f3fdfe1e59fe3c5b8b225db50737,sha256:5c8c3d23ba64f0199ef5d6225ed064d816ee9455edd8fb4bd0f9e4b7ffabc706,sha256:b92ea0b220ca14eab5269bd9f90c1c9c869a866ba37541148aad962883a9ae48,false
sha256:31a27048dfbe326d0df60e76e,jpm_2025_q4,JPM,2025 Q4,analyst_pressure,evidence_d3fa6c14db04207c,evidence_object,1,evidence_d3fa6c14db04207c,chunk_9a676069575c6293,sha256:624b4bf0fe79bdd4e1cb7361b1bb3992d06272ce9c40f6fe29394e6a4963ffae,sha256:b675db7410ea2ad842267d3b8782588a3cb1b15831d9a4785605dcebbc0e4d7b,sha256:b925ce54aa3fdb68537306fe720092f9dd57954ce0748b58d63c8850b09791cc,false
sha256:588b2d45301914dbdb54366b7,uber_2025_q4,UBER,2025 Q4,guidance_statement,evidence_17020d04546c68a7,evidence_object,1,evidence_17020d04546c68a7,chunk_8acf1b5bbc29e11c,sha256:6d61865b7ff6aa5629a76f8b6320124b12d83ebc8bf6dbc208398d9e5c9d31ed,sha256:826f5a749a69f1db4c04244f4e2263934fcf097de5b9447b7bd8d7e0fded0ea9,sha256:3772245ab8394af2ea82f03e48c1e63426ab36a21d90b68f666a4844d08ed352,false
sha256:bb4ce4a3a0b3644be49361a53,uber_2025_q4,UBER,2025 Q4,guidance_statement,evidence_18dfc5ca3b97cf95,evidence_object,1,evidence_18dfc5ca3b97cf95,chunk_743107444e128b8a,sha256:6d61865b7ff6aa5629a76f8b6320124b12d83ebc8bf6dbc208398d9e5c9d31ed,sha256:826f5a749a69f1db4c04244f4e2263934fcf097de5b9447b7bd8d7e0fded0ea9,sha256:18dcbb72c542bf19b99738b7c89624e75094ddb7b5b502e929e621a975cee395,false
sha256:b7dc5bd8dafc282382debb795,uber_2025_q4,UBER,2025 Q4,guidance_revision,evidence_303d813dc7b35ca7,evidence_object,1,evidence_303d813dc7b35ca7,chunk_e801bc0d3ab60724,sha256:6d61865b7ff6aa5629a76f8b6320124b12d83ebc8bf6dbc208398d9e5c9d31ed,sha256:826f5a749a69f1db4c04244f4e2263934fcf097de5b9447b7bd8d7e0fded0ea9,sha256:7f97b499b6fb82ab224c17e6623fbef7880a3fbf2385c9d2c3cf2d3c81923e17,false
sha256:73acfb099b67714f2212c0e14,uber_2025_q4,UBER,2025 Q4,neutral/no_signal,evidence_35f22d0bbef51ffd,evidence_object,1,evidence_35f22d0bbef51ffd,chunk_5a4e898ec3462ed4,sha256:6d61865b7ff6aa5629a76f8b6320124b12d83ebc8bf6dbc208398d9e5c9d31ed,sha256:826f5a749a69f1db4c04244f4e2263934fcf097de5b9447b7bd8d7e0fded0ea9,sha256:276506769c1954cfd6c84529fc7018b22f356609fef757748228a9c11a65631c,false
sha256:e3b78764f1e6a8b4e35983ff2,uber_2025_q4,UBER,2025 Q4,guidance_statement,evidence_48278f5ca4683511,evidence_object,1,evidence_48278f5ca4683511,chunk_3b9ce25bb324ab99,sha256:6d61865b7ff6aa5629a76f8b6320124b12d83ebc8bf6dbc208398d9e5c9d31ed,sha256:826f5a749a69f1db4c04244f4e2263934fcf097de5b9447b7bd8d7e0fded0ea9,sha256:4087f2140e351370e83cc6be55bf7292f146fcef91055f7dabb1c3834a669098,false
sha256:1e751763d10b07237ffdba9e7,uber_2025_q4,UBER,2025 Q4,guidance_statement,evidence_8d1cdc58a126bbcf,evidence_object,1,evidence_8d1cdc58a126bbcf,chunk_a3d54111eb72172d,sha256:6d61865b7ff6aa5629a76f8b6320124b12d83ebc8bf6dbc208398d9e5c9d31ed,sha256:826f5a749a69f1db4c04244f4e2263934fcf097de5b9447b7bd8d7e0fded0ea9,sha256:7dd7b96058cc8cb911973b5e97cf69927a24d85e9a3c737597c4c568af417feb,false
sha256:3a72ec6741a7d7e08382f6fb8,uber_2025_q4,UBER,2025 Q4,guidance_statement,evidence_9b67784151279366,evidence_object,1,evidence_9b67784151279366,chunk_266c083427448329,sha256:6d61865b7ff6aa5629a76f8b6320124b12d83ebc8bf6dbc208398d9e5c9d31ed,sha256:826f5a749a69f1db4c04244f4e2263934fcf097de5b9447b7bd8d7e0fded0ea9,sha256:a2dc2614fcc7052777ce3874992b941ca49cfc32a555930b5ac242eac51b28e3,false
sha256:d2488ae4a4a118a0920d938fb,uber_2025_q4,UBER,2025 Q4,guidance_statement,evidence_b9172e9ade76fd1f,evidence_object,1,evidence_b9172e9ade76fd1f,chunk_da95a92a3fd3bd3e,sha256:6d61865b7ff6aa5629a76f8b6320124b12d83ebc8bf6dbc208398d9e5c9d31ed,sha256:826f5a749a69f1db4c04244f4e2263934fcf097de5b9447b7bd8d7e0fded0ea9,sha256:8df1e3508fe9efa4ca39dd211c178f8c0ce20ad1c0e99b6865e99b2443d59a31,false
sha256:744915300aff78f18da528809,bac_2025_q4,BAC,2025 Q4,neutral/no_signal,sha256:e310c11e0f0e45401fd6fb4be,event_aligned_chunk,2,,chunk_80b1bfb135d3c002,sha256:3f68b8abe347f2eddb1a70e836eee558d4d39e41871c1773daf4cee7752e58da,sha256:bdaaaa1ad7c3a4f1a3b35b36e96fe0d24ce0eed1e7491cd5becadc2d301f903f,sha256:1f6d444daa94650e853be9fb8511e8e38cf5dde0035191bc6eba905db9693b59,false
sha256:4cab278c8a19bd0af467486cf,f_2025_q1,F,2025 Q1,management_hedging,sha256:051d48f1b4ad7c0687e53f9e4,event_aligned_chunk,2,,chunk_ce5ae796123f6b93,sha256:34cfd9da1094797400fddc5cba2ba0045e3d1920723ebbd7b4628c0d07ecf32f,sha256:ef362fc48eadfe886b4476ebd1930dab8ee0dccc73146ce53503da6c2ba271a9,sha256:5d37b26aa9b4db4917af1c0bd86f3ba9b02f0370fdb86dd78e56f185b42e95e9,false
sha256:961b96c98f3d5b598cdca8bad,f_2025_q1,F,2025 Q1,guidance_statement,sha256:057ebe675051de5b6aa147d88,event_aligned_chunk,2,,chunk_9b4ade2607aaefb1,sha256:34cfd9da1094797400fddc5cba2ba0045e3d1920723ebbd7b4628c0d07ecf32f,sha256:ef362fc48eadfe886b4476ebd1930dab8ee0dccc73146ce53503da6c2ba271a9,sha256:495b6130e112478fcb3d33e9a0b2fcf00650fa6c61fad7b4173c7a66df6db88d,false
sha256:45886537aa607cfa37106198f,f_2025_q1,F,2025 Q1,guidance_statement,sha256:3e522b42086c512f0544c2358,event_aligned_chunk,2,,chunk_639d047f6bc53757,sha256:34cfd9da1094797400fddc5cba2ba0045e3d1920723ebbd7b4628c0d07ecf32f,sha256:ef362fc48eadfe886b4476ebd1930dab8ee0dccc73146ce53503da6c2ba271a9,sha256:b404cea4b4714284b154e58db0ae68ddd568842ba956a499ad05f71f306484ed,false
sha256:3ffaac9999a4b7c0a5cff6ffb,jpm_2024_q1,JPM,2024 Q1,uncertainty,sha256:291281dd42272e36fc8e2e211,event_aligned_chunk,2,,chunk_ff07046c90486701,sha256:4ecc3387f5c6a8c23276665573381fdef37b403f0c73d864b0fd79b285cf79d7,sha256:fb1944d651d375dbb7832b50a5cbf6dead50ab02a0f10edc647b350d9c3a6f08,sha256:a53a333b6f753d2f65a1d6d94f103937f6e33d25ac9aaac53318ab41fede5626,false
sha256:ecb99bca7c512010928cf01c5,jpm_2024_q1,JPM,2024 Q1,guidance_statement,sha256:6d59ba5c4ed3b126b59f33522,event_aligned_chunk,2,,chunk_47355238016183b3,sha256:4ecc3387f5c6a8c23276665573381fdef37b403f0c73d864b0fd79b285cf79d7,sha256:fb1944d651d375dbb7832b50a5cbf6dead50ab02a0f10edc647b350d9c3a6f08,sha256:08cee2003e59c9e9257d6f083c7fc101780b01bc72bf26cc2a76ef7ace15413f,false
sha256:a662885c488b27104fb33ac70,jpm_2024_q1,JPM,2024 Q1,guidance_statement,sha256:84dc08ac7b740e1c69b600615,event_aligned_chunk,2,,chunk_2beb3e824425184b,sha256:4ecc3387f5c6a8c23276665573381fdef37b403f0c73d864b0fd79b285cf79d7,sha256:fb1944d651d375dbb7832b50a5cbf6dead50ab02a0f10edc647b350d9c3a6f08,sha256:c127a87593d585d3116f0dfdde690c7dff872cae4ee506d5386475a8cb9882ff,false
sha256:264465e0c3850264572b75c89,jpm_2024_q1,JPM,2024 Q1,guidance_statement,sha256:a5deee2ed960a00ba87518e03,event_aligned_chunk,2,,chunk_3269e1a6503e4e30,sha256:4ecc3387f5c6a8c23276665573381fdef37b403f0c73d864b0fd79b285cf79d7,sha256:fb1944d651d375dbb7832b50a5cbf6dead50ab02a0f10edc647b350d9c3a6f08,sha256:b91508dce3b08575d27aca19758396598e3cab9166b601aee4a8b080e2bdda3b,false
sha256:fb6c51fcb120e646dcfd2a1d1,jpm_2024_q1,JPM,2024 Q1,guidance_statement,sha256:c54f10295f2826b18ca045375,event_aligned_chunk,2,,chunk_846b914c9a8700b0,sha256:4ecc3387f5c6a8c23276665573381fdef37b403f0c73d864b0fd79b285cf79d7,sha256:fb1944d651d375dbb7832b50a5cbf6dead50ab02a0f10edc647b350d9c3a6f08,sha256:215fd75e43ad8085cfa79e009286248dc8eee678bb883cec45255826224091ea,false
sha256:6f922b4cb710aa656b8229403,jpm_2024_q2,JPM,2024 Q2,neutral/no_signal,sha256:5dd8d09f26ed40b25aa51bc03,event_aligned_chunk,2,,chunk_2e63d1dac61177da,sha256:da03ff9709cda967dc85fec54235bd1a2f97682fa5b3b236e084bbdcf8151585,sha256:4fbf0ef593a6b1b822fa118d6b245f0b184ab7f65f7d090e943f427016c5e647,sha256:0715133960ac141e13c5de283899299e585d9fa7e9fd69f5fe4f87980319b68d,false
sha256:2db5951b10a4d52c5aa66b6aa,jpm_2024_q3,JPM,2024 Q3,neutral/no_signal,sha256:c0b2ce6ee6bcf9c99dfaf087d,event_aligned_chunk,2,,chunk_98cfac4850a97029,sha256:23979f93ec4f88a7a31d13e23bc4c0aa3e7d7f9e02300c4a6fba0ef0043444e0,sha256:ef8079d89554b1ecb4abc2c35c074435ae9c15048a05a2f48194422f0009cdc0,sha256:8c3d06b3dac504c8299df7facb75136837c1f3ee9db7e169e5ba714c8fba9f9f,false
sha256:e7926e74fcd11e455b3f12629,jpm_2024_q4,JPM,2024 Q4,neutral/no_signal,sha256:2b3fdadd69074153b52b1902d,event_aligned_chunk,2,,chunk_9bf716a42deb477c,sha256:391b4dff8f71c53e61a8a61148a966c796289bb79a180d40ea1c707299a4a3ec,sha256:83a985d507183b95b317ab4a22fc09c2ba0780ab01a2d88765a1ce33f987dd48,sha256:3fec0e8cf385e9d74fe3a7182b0fbe0ba5890898258da9fdb33ad70f6048a886,false
sha256:ef9ed7be9088e6e4311c4a9b8,jpm_2025_q1,JPM,2025 Q1,neutral/no_signal,sha256:47b31264400439349d138e8ac,event_aligned_chunk,2,,chunk_06f9f3ff1066277c,sha256:4443844be1c36e8aa3826e7713da962087469b319aad806800526919906d3967,sha256:cac2b59a92287f9dc606ff9d040470b3c7e8b0abab28950ed9f11f0f23e396a4,sha256:c526b33fda21cc4f6e0a95c668995155e1c5a043d5b0612bef49b5ba86e234d8,false
sha256:d818836c3e7e94a76181d3898,jpm_2025_q2,JPM,2025 Q2,neutral/no_signal,sha256:552116dd1feba1fb7373ece60,event_aligned_chunk,2,,chunk_36b6ca5bfff410a0,sha256:e126c41a79d11ac4edb3e422042198d10962a2a0c7c7036704544fb826bcbbba,sha256:f26723b03dec27890010ff4b9edf2d2b4be1300b4aecd1e4b3b28205eebd22d3,sha256:a51f32347a155c538c87f065f37aafeac520e396577700607c806f684ca73ddd,false
sha256:1814b0ed5620147a66fe472d1,jpm_2025_q3,JPM,2025 Q3,neutral/no_signal,sha256:065639bcce79c0f94fc168a35,event_aligned_chunk,2,,chunk_aadb724d54431b44,sha256:785605abf40743a5f4d14c36a363ea22afc8f3fdfe1e59fe3c5b8b225db50737,sha256:5c8c3d23ba64f0199ef5d6225ed064d816ee9455edd8fb4bd0f9e4b7ffabc706,sha256:0a1de73c06789f1e48152c88582ca2f7dc4ebf41d05d1794170999908c87b025,false
sha256:3cf99416aef5ff4f5c5106243,jpm_2025_q4,JPM,2025 Q4,neutral/no_signal,sha256:115bbba00cb5fcd7f0362e836,event_aligned_chunk,2,,chunk_9a676069575c6293,sha256:624b4bf0fe79bdd4e1cb7361b1bb3992d06272ce9c40f6fe29394e6a4963ffae,sha256:b675db7410ea2ad842267d3b8782588a3cb1b15831d9a4785605dcebbc0e4d7b,sha256:13b3f41b1e7cdf1ccdcd5ecbf51a5e88c63ea9c27d3556e4daa97da78ee889e3,false
sha256:f88bebcd6f230f1ff1bcba04f,uber_2025_q4,UBER,2025 Q4,guidance_statement,sha256:2517b570f96b5ed0c0c9ccaee,event_aligned_chunk,2,,chunk_266c083427448329,sha256:6d61865b7ff6aa5629a76f8b6320124b12d83ebc8bf6dbc208398d9e5c9d31ed,sha256:826f5a749a69f1db4c04244f4e2263934fcf097de5b9447b7bd8d7e0fded0ea9,sha256:f3c010afebd9de9103a60df9331c4ea31502e11bdb5f6767f0f9cb098b625219,false
sha256:bffe713abd38dc358c496cdfb,uber_2025_q4,UBER,2025 Q4,guidance_statement,sha256:32b56dc0c3482a4066559edb5,event_aligned_chunk,2,,chunk_8acf1b5bbc29e11c,sha256:6d61865b7ff6aa5629a76f8b6320124b12d83ebc8bf6dbc208398d9e5c9d31ed,sha256:826f5a749a69f1db4c04244f4e2263934fcf097de5b9447b7bd8d7e0fded0ea9,sha256:22a597ebcf995567276d0a695c282973caa3073a6af4e9d474df08666a7195a7,false
sha256:6f6ea8782ccd49eb9ee4136c4,uber_2025_q4,UBER,2025 Q4,guidance_revision,sha256:f482e08a874dc0585de5961cd,event_aligned_chunk,2,,chunk_e801bc0d3ab60724,sha256:6d61865b7ff6aa5629a76f8b6320124b12d83ebc8bf6dbc208398d9e5c9d31ed,sha256:826f5a749a69f1db4c04244f4e2263934fcf097de5b9447b7bd8d7e0fded0ea9,sha256:374d709d65faed520621032e9dd52a31dc871f92c61e211d8ba6a3adad70a601,false
sha256:d34405f119a973298a63bdb96,uber_2025_q4,UBER,2025 Q4,neutral/no_signal,sha256:f5be8663706f75404adaf9516,event_aligned_chunk,2,,chunk_5a4e898ec3462ed4,sha256:6d61865b7ff6aa5629a76f8b6320124b12d83ebc8bf6dbc208398d9e5c9d31ed,sha256:826f5a749a69f1db4c04244f4e2263934fcf097de5b9447b7bd8d7e0fded0ea9,sha256:676d57c711b94ad1cd067dcfd6c440277ce6dd3a6a480c799df441b1bf1b469f,false
sha256:63d6853c837a88afd9221d307,bac_2025_q4,BAC,2025 Q4,neutral/no_signal,sha256:147d579877457bf4d4b480e22,semantic_chunk,3,,chunk_d48251db0608b693,sha256:3f68b8abe347f2eddb1a70e836eee558d4d39e41871c1773daf4cee7752e58da,sha256:bdaaaa1ad7c3a4f1a3b35b36e96fe0d24ce0eed1e7491cd5becadc2d301f903f,sha256:d5eeeeff1d6030b161500ee7dfd14aa1b5f32c1123cc2afa8dcf2e0c6143fa73,false
sha256:d6f455336410f9121893e6588,cat_2025_q2,CAT,2025 Q2,neutral/no_signal,sha256:0651d7df2b3ee6733dd87672a,semantic_chunk,3,,chunk_f3d1548af31f33b3,sha256:245d279780d60d7505e1ba4dfb9f31ceba34f28722aa4577aa085c31148f850a,sha256:c9f976f13460eacb26e5c22feaccfdb3bf63b8ef4b1cb345f4fd00c97a2f7af6,sha256:6dd8874918bdb5630c8170967048a62299383ba43f3427a32dfec7e76280941a,false
sha256:bbe9994b1541414e2e4be9fa4,f_2025_q2,F,2025 Q2,neutral/no_signal,sha256:102f87d9025ded1198baf6814,semantic_chunk,3,,chunk_ff36f35f76775743,sha256:662151de52eb9e609340c9fd5d3be599b04744074ddd4639e58d33d76ac5ff33,sha256:8f1a9695d41a365f15799204ece0919eba88660dae4215933a1b77f974d0fd2b,sha256:b50fcb8b0c9594a1cee69bf032393b9ad8d47d0c839473f2c81b4989e9dff229,false
sha256:14d7de0ef022f19cde5b379f9,f_2025_q3,F,2025 Q3,neutral/no_signal,sha256:05ad9e058379f2ff0ac633802,semantic_chunk,3,,chunk_22989a3465394d83,sha256:5b3393c074a51daa3637666422a20f61de9eff73d1bbacbf1802cc00b6f89b18,sha256:863d2faae86b94e2d80a6e0e483514f50823959cd02abd2ddc026acb4b6dcaea,sha256:9eb85574a3eb846ed85b325678f69a164d269476fccf5be09fd6fab95a500161,false
sha256:4d2fb5ccfbd59443bb87cabd9,hd_2024_q1,HD,2024 Q1,neutral/no_signal,sha256:03ddcb1f5429964aa6f3ec8d2,semantic_chunk,3,,chunk_2c821e5dcd341f43,sha256:b48b9ec8389b99458d711c7cba456aea95e5c70498700269b2aa04a90f8283ac,sha256:5c2a7c417b3bce31569d7afbef2336185cc0d09592553cab16002a6f39475428,sha256:dc3aed96be1d758b315a000ba0923e8e213e10385b68eb83337982802dd42646,false
sha256:e912e1dd954c3eecdc8070560,hd_2024_q2,HD,2024 Q2,neutral/no_signal,sha256:00dba2a5f48a154eb567d11b3,semantic_chunk,3,,chunk_940c0cd58fd4c302,sha256:3174638eac245995333789f2ecd92998ac55a9d590e6d5e13130d784923b04bf,sha256:7bf93f4dd4bf928ab5b77b112bd349d0f67a05a36747b9a4ccecccd8ecf4fb5b,sha256:dcb358ad4e4674ed4eaa2f9fbdfe18442494895469805f8aab07fbc11241919b,false
sha256:60c9067d074e5354c926d0336,hd_2024_q3,HD,2024 Q3,neutral/no_signal,sha256:4039412d46454d67c813f038b,semantic_chunk,3,,chunk_d04ac8d8bc9a9815,sha256:7615358920d80acfbd3262943496d8570827676fe39d2c38aecdf4e7ba2d2fc6,sha256:e8e45598dae822f29006156b2a47b06a43f1c62013e129cede330b85f4220ffc,sha256:bff0b4236e80b41221a91b7c826bfccbc3dec73c47fc9885a3c67da92f70a377,false
sha256:315e8ccec9dd3b5e54f6931a3,hd_2025_q4,HD,2025 Q4,neutral/no_signal,sha256:070a92c3a9c11a0c940affd16,semantic_chunk,3,,chunk_b5167413768c27db,sha256:9930b485a5fbe82794b52fe951d036f7a1429abea2711921530b79ed8746ca8a,sha256:9a4ba3adec57821de9a9281ab6acb2b78fc240df55b3c4b5019ab772a034459e,sha256:a5ab23ab72edffa8c22f65636baa102e3716d762783fd0377c9556c218d2fc20,false
sha256:66c5ca3a99ac73739bd162c9f,jpm_2024_q2,JPM,2024 Q2,neutral/no_signal,sha256:0ead0fd82f22df21b7979d234,semantic_chunk,3,,chunk_fce620c88c68dba2,sha256:da03ff9709cda967dc85fec54235bd1a2f97682fa5b3b236e084bbdcf8151585,sha256:4fbf0ef593a6b1b822fa118d6b245f0b184ab7f65f7d090e943f427016c5e647,sha256:20162cae58ad17bb0df99ba885bc1a709383b154b9347079de104e91396eb6b6,false
sha256:f49a188e3ddb0c3c6641c744c,jpm_2024_q3,JPM,2024 Q3,neutral/no_signal,sha256:1b6bdb7ffa3a328273077ab20,semantic_chunk,3,,chunk_331b47e3e7a81fc5,sha256:23979f93ec4f88a7a31d13e23bc4c0aa3e7d7f9e02300c4a6fba0ef0043444e0,sha256:ef8079d89554b1ecb4abc2c35c074435ae9c15048a05a2f48194422f0009cdc0,sha256:9d6b1a803de63c25771ec902cdcc82aadb599ea6640d9e4e3d1bd6e2a2a0befc,false
sha256:87141c2fa360af7c281d7b09b,jpm_2024_q4,JPM,2024 Q4,neutral/no_signal,sha256:3ae29e9c933fae7c4802d74cb,semantic_chunk,3,,chunk_c732bde5ca0da109,sha256:391b4dff8f71c53e61a8a61148a966c796289bb79a180d40ea1c707299a4a3ec,sha256:83a985d507183b95b317ab4a22fc09c2ba0780ab01a2d88765a1ce33f987dd48,sha256:1577aea9046c956bb2c5ba5554d7a47bb4595dc901bfa951b61d4fd2cfd2b7a4,false
sha256:aad0d74e8b017131b6460b88e,jpm_2025_q1,JPM,2025 Q1,neutral/no_signal,sha256:088bbea7e171fe87b378c86a9,semantic_chunk,3,,chunk_59b633a884d57206,sha256:4443844be1c36e8aa3826e7713da962087469b319aad806800526919906d3967,sha256:cac2b59a92287f9dc606ff9d040470b3c7e8b0abab28950ed9f11f0f23e396a4,sha256:ef829090710536007ae043823de0ab0fbf73babd2d816e875d6c4bdfefd27118,false
sha256:348f05f7ac1dc91bd7f44cf0c,jpm_2025_q2,JPM,2025 Q2,neutral/no_signal,sha256:03605d1838923767714815d89,semantic_chunk,3,,chunk_018fb220c8c6c013,sha256:e126c41a79d11ac4edb3e422042198d10962a2a0c7c7036704544fb826bcbbba,sha256:f26723b03dec27890010ff4b9edf2d2b4be1300b4aecd1e4b3b28205eebd22d3,sha256:8f8fe7d370a3f9e8d445d6e824a60656b9b7f29d8716a7040605d637ef7da280,false
sha256:66dbbcd4be3f5af601ff6715b,jpm_2025_q3,JPM,2025 Q3,neutral/no_signal,sha256:5983b2d8c83de9eaef29363a0,semantic_chunk,3,,chunk_b383c2683051f818,sha256:785605abf40743a5f4d14c36a363ea22afc8f3fdfe1e59fe3c5b8b225db50737,sha256:5c8c3d23ba64f0199ef5d6225ed064d816ee9455edd8fb4bd0f9e4b7ffabc706,sha256:6a284d84ef58a68eed1bd53ad15f6694a90ca6f3f24b93fa3d8aaaf36c051ef5,false
sha256:7aee10e7d97ab94acd051501c,jpm_2025_q4,JPM,2025 Q4,neutral/no_signal,sha256:07827ce21f09774fe099873e0,semantic_chunk,3,,chunk_ed17ddeca2186571,sha256:624b4bf0fe79bdd4e1cb7361b1bb3992d06272ce9c40f6fe29394e6a4963ffae,sha256:b675db7410ea2ad842267d3b8782588a3cb1b15831d9a4785605dcebbc0e4d7b,sha256:9093669c56afbd13ba74735eeaf002681b777aafbf56b01486fa786f9cc5a070,false
sha256:188c91e13b7897e60f20d7345,lyb_2025_q1,LYB,2025 Q1,neutral/no_signal,sha256:003fcbbd5bd4c4c79f99fd282,semantic_chunk,3,,chunk_6c9743d3084534a4,sha256:1b5d701db16a74f651df169f3c038bd077c8e532ad3319ce1dd13094a914d29e,sha256:c98c414279777f2a9b377f8115b6c50b065bd70a66691afbc7ee4eb8a39ebe81,sha256:7b589e44ae40f92f59ea7bf5ddc3125990096ebb3f8431a2a39770a11c852def,false
sha256:be1ed6081a3d8f033dda116d9,lyb_2025_q2,LYB,2025 Q2,neutral/no_signal,sha256:19671ef85d252e80b06009872,semantic_chunk,3,,chunk_6b2cd2fe35b74251,sha256:68bbdaa6e3fa38d71ffe5d898b24a38cd30134a9dde08731a7ed379f37ab7b1e,sha256:9e7090a90e686ce2752f48986fbd0a051db51015ac1b232a1118c02d53cec4e4,sha256:77a3086adb9c0981c93481a33f54d8caaca6bf9ae45d1fb11fdbfa068938ea9b,false
sha256:8ca6e2b6ec8f71eb972beb74c,lyb_2025_q3,LYB,2025 Q3,neutral/no_signal,sha256:17a18c62a52577a87467d363d,semantic_chunk,3,,chunk_16594f443910cc57,sha256:24b6a529fb516efd3de733fb83c7652865bbfb0ee564371e6700d927bc975e72,sha256:dc305cab29ea63bde0dcccebf90b7af642a9167aa3e0639d39a160d82b029e37,sha256:51237b1f52f79f742c3093e1341229109a5adc5ef1ef665b64e0e92b6e4b0a2f,false
sha256:6c9065117221631ea1d5b6722,lyb_2025_q4,LYB,2025 Q4,neutral/no_signal,sha256:074f7a79397ed30d28631e892,semantic_chunk,3,,chunk_3ffd0b1ee79f4245,sha256:352bc68172040259c26a2961ba42aa13c104e71f8ecc88e2e906ec1ae3c2724c,sha256:f0cbc46c6e133fe84c4c200b9a8515e64bcfadf58011e08645b0a664b3234082,sha256:65ce0e96a57e66dafd692fca6c4f38d7b525a4dc56fea5485564388a862a58d3,false
sha256:0e157e75d37cd1965284cb6b0,bac_2025_q4,BAC,2025 Q4,neutral/no_signal,sha256:556ab254e68134cf72b78f2da,semantic_chunk,3,,chunk_2e903a957c9b9940,sha256:3f68b8abe347f2eddb1a70e836eee558d4d39e41871c1773daf4cee7752e58da,sha256:bdaaaa1ad7c3a4f1a3b35b36e96fe0d24ce0eed1e7491cd5becadc2d301f903f,sha256:3c6f759eca5a032eed6ce94392d4712be37c5d1dbbda709113f192dbc06f0516,false
sha256:5386f6b1078f96593caa35106,bac_2025_q4,BAC,2025 Q4,neutral/no_signal,sha256:62b3a4726273cc8ea1efdb14d,semantic_chunk,3,,chunk_01aed57bf58aeb47,sha256:3f68b8abe347f2eddb1a70e836eee558d4d39e41871c1773daf4cee7752e58da,sha256:bdaaaa1ad7c3a4f1a3b35b36e96fe0d24ce0eed1e7491cd5becadc2d301f903f,sha256:8e0c61cda394922a27fd514da787debebb8377e31eb41f5a98e2a79afcb4731d,false
sha256:f06cdd33818684641f5bd7722,cat_2025_q1,CAT,2025 Q1,neutral/no_signal,sha256:3fcad2e6ff810ec0dda0e9bc0,semantic_chunk,3,,chunk_2da7cdfbcf29e8c2,sha256:8924d13b82fefadc3f0912b4631c0540d7bd18ad096de44b4a278d166d49c428,sha256:f349917693947a6461bd2576889299acf59cf560def1273a7d9328273b58bd0a,sha256:9015794881d7bb35ff8378c4e8f2916ba5eb8945e0949e5668a491dcb6985be0,false
sha256:c6e3264956fbf517a253a6ab7,cat_2025_q1,CAT,2025 Q1,neutral/no_signal,sha256:c77aaa4f2c7754987250aa6dc,semantic_chunk,3,,chunk_0b6338158dff3f10,sha256:8924d13b82fefadc3f0912b4631c0540d7bd18ad096de44b4a278d166d49c428,sha256:f349917693947a6461bd2576889299acf59cf560def1273a7d9328273b58bd0a,sha256:1b4af87a50dc2e88e53ca41532b11abbd0df1e0bfc0f577784eae24e0abcce01,false
sha256:ee306f506da9ad07468383f3f,cat_2025_q2,CAT,2025 Q2,neutral/no_signal,sha256:1eba7ad483976bf782f6e808e,semantic_chunk,3,,chunk_cfcd4c82ee063058,sha256:245d279780d60d7505e1ba4dfb9f31ceba34f28722aa4577aa085c31148f850a,sha256:c9f976f13460eacb26e5c22feaccfdb3bf63b8ef4b1cb345f4fd00c97a2f7af6,sha256:00920d7aadfae51e510bc56a1ddd084ac720b119ead4a3d6c60836c68a58dc40,false
sha256:fc7c50b9e7f2619e5ed190127,cat_2025_q2,CAT,2025 Q2,neutral/no_signal,sha256:50bda8238a715fa148b0a5251,semantic_chunk,3,,chunk_6b9ca5d57a747a2f,sha256:245d279780d60d7505e1ba4dfb9f31ceba34f28722aa4577aa085c31148f850a,sha256:c9f976f13460eacb26e5c22feaccfdb3bf63b8ef4b1cb345f4fd00c97a2f7af6,sha256:cf6e893fbf33ecf1ba415b104a355ca5abe3f9293685c0a7c599f723ede59fd4,false
sha256:01fcda77c9c8f61c7c139497b,cat_2025_q3,CAT,2025 Q3,neutral/no_signal,sha256:10e61a533d6dccb05aa11a955,semantic_chunk,3,,chunk_f59b85dcdfb117e7,sha256:afbda8b53586966dc8df34306d4f193c30bdebf0f264a26f81e1f8045349878a,sha256:bffe5b001482c9712a33c385e897728c6242c757c3f372d88a8bec599b0c1efe,sha256:72d192c5720878928b86b7f7da2e205dfa942a21b81576236382fd807524db2a,false
sha256:775341bc62b31f3b42e6c0dc2,cat_2025_q3,CAT,2025 Q3,neutral/no_signal,sha256:214846b85fc7ca77d9ae83988,semantic_chunk,3,,chunk_db45ecce0351a557,sha256:afbda8b53586966dc8df34306d4f193c30bdebf0f264a26f81e1f8045349878a,sha256:bffe5b001482c9712a33c385e897728c6242c757c3f372d88a8bec599b0c1efe,sha256:57c917cec5e1b4a834fd38847fba0e0cd21eab75feadf1a47fb66e386258dd8c,false
sha256:9e88e814779f729aed9eafa5c,cat_2025_q3,CAT,2025 Q3,neutral/no_signal,sha256:21c0a51daeec4e485f91f890d,semantic_chunk,3,,chunk_eb43d1d74a6fb853,sha256:afbda8b53586966dc8df34306d4f193c30bdebf0f264a26f81e1f8045349878a,sha256:bffe5b001482c9712a33c385e897728c6242c757c3f372d88a8bec599b0c1efe,sha256:38dca4981128579ff3364a7168591c56c0e5cd8d4f0e59dc3bebce32354a3a4a,false
sha256:676919e56fd3eb94a1f34fc81,cat_2025_q4,CAT,2025 Q4,neutral/no_signal,sha256:227196b65eefc9ea537969e6c,semantic_chunk,3,,chunk_17a2163dfb751a66,sha256:23848e055532697dcade55635d015faab05dae68ebde2dc50d098383d738e6a7,sha256:0a977c84256e62757d6b7f248b47dc954557ccc306f75da7c29ff9fbdafb3725,sha256:75976a42dfe7d938c0d22a94865fde4ae1af7aab9bd5c365ccb23a7d4fc5be80,false
sha256:add96249731877646ec1135ef,cat_2025_q4,CAT,2025 Q4,neutral/no_signal,sha256:27c5f2c2374a76ea374953fce,semantic_chunk,3,,chunk_835572e426e9ad73,sha256:23848e055532697dcade55635d015faab05dae68ebde2dc50d098383d738e6a7,sha256:0a977c84256e62757d6b7f248b47dc954557ccc306f75da7c29ff9fbdafb3725,sha256:0e809f615ca32f7b65db035f502637299e47a6a2a4f081a8e924154ede1f3347,false
sha256:6fd5e7aef596aef33533086de,cat_2025_q4,CAT,2025 Q4,neutral/no_signal,sha256:2bf4e65d90065de26781dc626,semantic_chunk,3,,chunk_997ad3df702b918c,sha256:23848e055532697dcade55635d015faab05dae68ebde2dc50d098383d738e6a7,sha256:0a977c84256e62757d6b7f248b47dc954557ccc306f75da7c29ff9fbdafb3725,sha256:63e1801d27fc20d912a12beaf79a99b4d444bcf04363f9462f2f802973fcb0c3,false
sha256:9b294c4b89a5fb8d325d8d250,f_2025_q1,F,2025 Q1,neutral/no_signal,sha256:40ba171d86cbd40c122fc4841,semantic_chunk,3,,chunk_18a055559ff60308,sha256:34cfd9da1094797400fddc5cba2ba0045e3d1920723ebbd7b4628c0d07ecf32f,sha256:ef362fc48eadfe886b4476ebd1930dab8ee0dccc73146ce53503da6c2ba271a9,sha256:b66ed66238a1f0c83453d7641e7ea28b8778b79b4cfca3cc5e314af5ab1bbd9a,false
sha256:633439eecfbfe8515663f5f9b,f_2025_q1,F,2025 Q1,neutral/no_signal,sha256:60a41c003f3a2a0baae524c73,semantic_chunk,3,,chunk_dd2b61fdb59067dd,sha256:34cfd9da1094797400fddc5cba2ba0045e3d1920723ebbd7b4628c0d07ecf32f,sha256:ef362fc48eadfe886b4476ebd1930dab8ee0dccc73146ce53503da6c2ba271a9,sha256:7df17b0718e290710368819ba52447bdd1f1146b92ad3e0ac2076f3bfccf93c5,false
sha256:5611752c860c886d1e664b810,f_2025_q1,F,2025 Q1,neutral/no_signal,sha256:74935cfc9accb87608c05eb8d,semantic_chunk,3,,chunk_b7e6bbe41cff81f8,sha256:34cfd9da1094797400fddc5cba2ba0045e3d1920723ebbd7b4628c0d07ecf32f,sha256:ef362fc48eadfe886b4476ebd1930dab8ee0dccc73146ce53503da6c2ba271a9,sha256:f6b41143ce5a6ea65f385a89c4737e763ca03bd446fae0cd76e97195ae9a4664,false
sha256:ca907e16265c87559e06ba4f9,f_2025_q2,F,2025 Q2,neutral/no_signal,sha256:187163491d6cb2e2a6cbf4f25,semantic_chunk,3,,chunk_2b445495871af939,sha256:662151de52eb9e609340c9fd5d3be599b04744074ddd4639e58d33d76ac5ff33,sha256:8f1a9695d41a365f15799204ece0919eba88660dae4215933a1b77f974d0fd2b,sha256:e2c9a15d10ed8f0d8a37ed34435c503724cf06e41f576f0d3d8360e6f6057e0a,false
sha256:6e205576b36c2e19779f27d7c,f_2025_q2,F,2025 Q2,neutral/no_signal,sha256:19f7fd11a3d53e4b76644b5a8,semantic_chunk,3,,chunk_f761f51135c6d973,sha256:662151de52eb9e609340c9fd5d3be599b04744074ddd4639e58d33d76ac5ff33,sha256:8f1a9695d41a365f15799204ece0919eba88660dae4215933a1b77f974d0fd2b,sha256:b2da4348bd26351cfa4ae5cd7bf06674f34923a2e0856b99636afb60fc25e793,false
sha256:1b88bb6b8ea52f18a0f88995e,f_2025_q3,F,2025 Q3,neutral/no_signal,sha256:16eb3809939ada52ecff16f9c,semantic_chunk,3,,chunk_a2a21e3dd0fb05d7,sha256:5b3393c074a51daa3637666422a20f61de9eff73d1bbacbf1802cc00b6f89b18,sha256:863d2faae86b94e2d80a6e0e483514f50823959cd02abd2ddc026acb4b6dcaea,sha256:582aa92dd6b91d68cb3e7e88e2fcce182853e62cc9ca0ecabf6bbbe080f88472,false
sha256:b07de6b44c95bccbbdae5d60a,f_2025_q3,F,2025 Q3,neutral/no_signal,sha256:61530127310ad8ab7241fa735,semantic_chunk,3,,chunk_f8379e31f05e3eaa,sha256:5b3393c074a51daa3637666422a20f61de9eff73d1bbacbf1802cc00b6f89b18,sha256:863d2faae86b94e2d80a6e0e483514f50823959cd02abd2ddc026acb4b6dcaea,sha256:fe887940e8b5d78c95759573821ac413d453ed7aaaef2fea1e9a18195c5ebce4,false
sha256:3974ec409ed57441755d4cea4,f_2025_q4,F,2025 Q4,neutral/no_signal,sha256:26dd8bf7c86493267b5b28ae3,semantic_chunk,3,,chunk_6ea3d99862cb0248,sha256:9d0dfd62d4fbd44e485c1593090ef144a88ee1e4c531eeb91e7cbd39ac3559a8,sha256:80b121679ab2890ff94b7703936f9952a02f1a96d2f1cdc22412379a07e69b49,sha256:e58edf646019a2b6ff40ac12ca4c3549069a5caddb90026166fab2f92ecc66cf,false
sha256:72afa1cbec4b8a14b154fd996,f_2025_q4,F,2025 Q4,neutral/no_signal,sha256:2dd0aa024aa4ceb92ff902c13,semantic_chunk,3,,chunk_65edb3fde08fc448,sha256:9d0dfd62d4fbd44e485c1593090ef144a88ee1e4c531eeb91e7cbd39ac3559a8,sha256:80b121679ab2890ff94b7703936f9952a02f1a96d2f1cdc22412379a07e69b49,sha256:ee6a7b91e5e465c712bb552ce2ab61c9e28a6eac56dc54a16574ff7952e346a7,false
sha256:dc8e1cca646de370e16e7709d,f_2025_q4,F,2025 Q4,neutral/no_signal,sha256:34c36d65335a183a25f659d71,semantic_chunk,3,,chunk_f0420180d61e580d,sha256:9d0dfd62d4fbd44e485c1593090ef144a88ee1e4c531eeb91e7cbd39ac3559a8,sha256:80b121679ab2890ff94b7703936f9952a02f1a96d2f1cdc22412379a07e69b49,sha256:8afa8953c5766bfd444d04bf599c03f36f181eefcbe97623ebe8bf144e4e6c6a,false
sha256:6671a534d01f9521e3cd963e0,hd_2024_q1,HD,2024 Q1,neutral/no_signal,sha256:3ec0de23db1e93a69bb94fb8f,semantic_chunk,3,,chunk_22c0d54e18de51e5,sha256:b48b9ec8389b99458d711c7cba456aea95e5c70498700269b2aa04a90f8283ac,sha256:5c2a7c417b3bce31569d7afbef2336185cc0d09592553cab16002a6f39475428,sha256:3d3f5b685d2ef0652ce187122c533a8915dfd27e60b3e072a0e66db6285a29d8,false
sha256:8622b9d2179e37e6e1e18d867,hd_2024_q1,HD,2024 Q1,neutral/no_signal,sha256:59af2c4306140bad852da5342,semantic_chunk,3,,chunk_e07b2474183ca176,sha256:b48b9ec8389b99458d711c7cba456aea95e5c70498700269b2aa04a90f8283ac,sha256:5c2a7c417b3bce31569d7afbef2336185cc0d09592553cab16002a6f39475428,sha256:e11c42981ffff13004c02f78c99743e42858545495c33230f1fd1fba053c960d,false
sha256:2d4965bdb6aaf33996ee3f184,hd_2024_q2,HD,2024 Q2,neutral/no_signal,sha256:0648d37c574f91b73595e30f3,semantic_chunk,3,,chunk_c8ed45286c4c9997,sha256:3174638eac245995333789f2ecd92998ac55a9d590e6d5e13130d784923b04bf,sha256:7bf93f4dd4bf928ab5b77b112bd349d0f67a05a36747b9a4ccecccd8ecf4fb5b,sha256:d4604a3522675107b099edab9ce68de401c7703fc7414b7c8411f424f25d8bc4,false
sha256:7a9549c5e683b36d2793b0ae2,hd_2024_q2,HD,2024 Q2,neutral/no_signal,sha256:19a245481e208bd615c92796a,semantic_chunk,3,,chunk_c1d96d82774a42e5,sha256:3174638eac245995333789f2ecd92998ac55a9d590e6d5e13130d784923b04bf,sha256:7bf93f4dd4bf928ab5b77b112bd349d0f67a05a36747b9a4ccecccd8ecf4fb5b,sha256:9903e3ebae2431225b9d9fa4f94f27784084669abbf8668ef6fd143379c9e42e,false
sha256:43c0ff45d61bcf6e3fcf8bef2,hd_2024_q3,HD,2024 Q3,neutral/no_signal,sha256:6d5ee53d25cff7f7b4a2a110c,semantic_chunk,3,,chunk_f834d25c15659096,sha256:7615358920d80acfbd3262943496d8570827676fe39d2c38aecdf4e7ba2d2fc6,sha256:e8e45598dae822f29006156b2a47b06a43f1c62013e129cede330b85f4220ffc,sha256:caf73f9220ae9198c2c5c7c79837962756d90852d9bdf410404da188edb89b3d,false
sha256:cf582a1dd7c925bc7011d890a,hd_2024_q3,HD,2024 Q3,neutral/no_signal,sha256:9546a6c0da70cd6f9a45fd380,semantic_chunk,3,,chunk_8b485e581ae65d89,sha256:7615358920d80acfbd3262943496d8570827676fe39d2c38aecdf4e7ba2d2fc6,sha256:e8e45598dae822f29006156b2a47b06a43f1c62013e129cede330b85f4220ffc,sha256:8814e760af13fab58149ca0634ea1581183083218f8f184332165c48f1a16bba,false
sha256:7ba738d201e9fc08a927e2761,hd_2024_q4,HD,2024 Q4,neutral/no_signal,sha256:1bfcb245e7ce14b69add5e133,semantic_chunk,3,,chunk_3195ab2e1494c7d3,sha256:6662b3fea415afaf582fba4411c086fed59fbf02225c05c4b41d47c26f9d3a0e,sha256:4d1d4319cef314c5348b2102762aa6b2a6c10ce8e371a9efd39a96cc28475a54,sha256:9d670fc283222e435375b3079302341b08e5899161f35fc5777125e0fdde8537,false
sha256:1b022dc3a998cde67cda7a2ef,hd_2024_q4,HD,2024 Q4,neutral/no_signal,sha256:5957fa6a6e8163479f4726e18,semantic_chunk,3,,chunk_1c10d6328b2f46a6,sha256:6662b3fea415afaf582fba4411c086fed59fbf02225c05c4b41d47c26f9d3a0e,sha256:4d1d4319cef314c5348b2102762aa6b2a6c10ce8e371a9efd39a96cc28475a54,sha256:1a08ede1153000cb18d4ddbb35e995c615bd31ac125e9d66880dff33a1dafe21,false
sha256:e96bfceab93fd1aa48929d70b,hd_2024_q4,HD,2024 Q4,neutral/no_signal,sha256:5d9a0f362d5d0c15d17425f43,semantic_chunk,3,,chunk_11e899642464a943,sha256:6662b3fea415afaf582fba4411c086fed59fbf02225c05c4b41d47c26f9d3a0e,sha256:4d1d4319cef314c5348b2102762aa6b2a6c10ce8e371a9efd39a96cc28475a54,sha256:4cb26c9d5213081a439b1a9c79500c6bcb217dae991bd8316b9ca89d13656228,false
sha256:277ceaba91cd38c33d0a06e79,hd_2025_q4,HD,2025 Q4,neutral/no_signal,sha256:22600c71b56945c8f74cb32fe,semantic_chunk,3,,chunk_1a8ca7dccf7bd08e,sha256:9930b485a5fbe82794b52fe951d036f7a1429abea2711921530b79ed8746ca8a,sha256:9a4ba3adec57821de9a9281ab6acb2b78fc240df55b3c4b5019ab772a034459e,sha256:a193d6bcd44ed4c24413f83b7fffcf31dcf3cff5da749f0adbd76a9a64535d2e,false
sha256:93f164870d42a3606b43d1590,hd_2025_q4,HD,2025 Q4,neutral/no_signal,sha256:2bf27adfece2a76ac9cb4ba25,semantic_chunk,3,,chunk_c9ce089a3042fa79,sha256:9930b485a5fbe82794b52fe951d036f7a1429abea2711921530b79ed8746ca8a,sha256:9a4ba3adec57821de9a9281ab6acb2b78fc240df55b3c4b5019ab772a034459e,sha256:fabe91a7b2bdd0c73816dd659074e97a0da9e4cdcb0e1ea30a623c1a3a41a455,false
sha256:64d5a6dbb90483bdbaa89b911,jpm_2024_q2,JPM,2024 Q2,neutral/no_signal,sha256:a5253dec84cba4710ba24ef3e,semantic_chunk,3,,chunk_6a6132e08f9be301,sha256:da03ff9709cda967dc85fec54235bd1a2f97682fa5b3b236e084bbdcf8151585,sha256:4fbf0ef593a6b1b822fa118d6b245f0b184ab7f65f7d090e943f427016c5e647,sha256:7b1e02b7769f77515705d4dca6a59c84ec1caad4ae2c8cf2808c92e5142b3dbc,false
sha256:6df82a94d2466e5343bf47ba3,jpm_2024_q2,JPM,2024 Q2,neutral/no_signal,sha256:ade51e172102a741be377d888,semantic_chunk,3,,chunk_6e086b2c8b82ddef,sha256:da03ff9709cda967dc85fec54235bd1a2f97682fa5b3b236e084bbdcf8151585,sha256:4fbf0ef593a6b1b822fa118d6b245f0b184ab7f65f7d090e943f427016c5e647,sha256:ce8337060619844a683e839dd74208a2cd4d982397a397f513b97c7fc0a07833,false
sha256:433288cc010d60e29fe719f48,jpm_2024_q3,JPM,2024 Q3,neutral/no_signal,sha256:576f44bfc10f047a156c94d17,semantic_chunk,3,,chunk_db69ac1b3a8648a7,sha256:23979f93ec4f88a7a31d13e23bc4c0aa3e7d7f9e02300c4a6fba0ef0043444e0,sha256:ef8079d89554b1ecb4abc2c35c074435ae9c15048a05a2f48194422f0009cdc0,sha256:c7de1f12bf68f77ed007627fed416bbb7055aa557b6ec963dca868b77ab79790,false
sha256:0b6dcf46245d6c0295b1fb958,jpm_2024_q3,JPM,2024 Q3,neutral/no_signal,sha256:ed784512c05fbd89b3cbf209e,semantic_chunk,3,,chunk_98fd887332046fc7,sha256:23979f93ec4f88a7a31d13e23bc4c0aa3e7d7f9e02300c4a6fba0ef0043444e0,sha256:ef8079d89554b1ecb4abc2c35c074435ae9c15048a05a2f48194422f0009cdc0,sha256:d2c39053cce990f3ec6e380585b63d209ee3123b5e26b69d12ed3c5c1d8c34de,false
