feature_id,feature_name,source_paper_ids,signal_engine_area,description,implementation_stage,complexity,expected_value,dependency,evaluation_method
first_law_complexodynamics_feature_1,Compression ratio feature for prepared remarks vs Q&A,first_law_complexodynamics,compression_mdl_complexity,Research-derived candidate feature from The First Law of Complexodynamics: Compression ratio feature for prepared remarks vs Q&A.,now,low,medium,stable evidence-span labels and deterministic baseline outputs,Compare compression/novelty scores against human evidence-span labels; Check whether high-complexity Q&A spans correlate with analyst pressure labels
first_law_complexodynamics_feature_2,Novelty/boilerplate score for management language,first_law_complexodynamics,compression_mdl_complexity,Research-derived candidate feature from The First Law of Complexodynamics: Novelty/boilerplate score for management language.,later,low,medium,stable evidence-span labels and deterministic baseline outputs,Compare compression/novelty scores against human evidence-span labels; Check whether high-complexity Q&A spans correlate with analyst pressure labels
first_law_complexodynamics_feature_3,Complexity-over-call timeline,first_law_complexodynamics,compression_mdl_complexity,Research-derived candidate feature from The First Law of Complexodynamics: Complexity-over-call timeline.,later,low,medium,stable evidence-span labels and deterministic baseline outputs,Compare compression/novelty scores against human evidence-span labels; Check whether high-complexity Q&A spans correlate with analyst pressure labels
unreasonable_effectiveness_rnns_feature_1,Character/word baseline language model probes,unreasonable_effectiveness_rnns,sequence_models,Research-derived candidate feature from The Unreasonable Effectiveness of Recurrent Neural Networks: Character/word baseline language model probes.,now,medium,high,stable evidence-span labels and deterministic baseline outputs,"Train tiny local baselines only after enough transcripts; Evaluate generated/next-token probes as diagnostics, not product claims"
unreasonable_effectiveness_rnns_feature_2,Sequence continuity checks,unreasonable_effectiveness_rnns,sequence_models,Research-derived candidate feature from The Unreasonable Effectiveness of Recurrent Neural Networks: Sequence continuity checks.,later,medium,high,stable evidence-span labels and deterministic baseline outputs,"Train tiny local baselines only after enough transcripts; Evaluate generated/next-token probes as diagnostics, not product claims"
unreasonable_effectiveness_rnns_feature_3,Transcript anomaly examples for demos,unreasonable_effectiveness_rnns,sequence_models,Research-derived candidate feature from The Unreasonable Effectiveness of Recurrent Neural Networks: Transcript anomaly examples for demos.,later,medium,high,stable evidence-span labels and deterministic baseline outputs,"Train tiny local baselines only after enough transcripts; Evaluate generated/next-token probes as diagnostics, not product claims"
understanding_lstm_networks_feature_1,Section memory features,understanding_lstm_networks,sequence_models,Research-derived candidate feature from Understanding LSTM Networks: Section memory features.,now,medium,high,stable evidence-span labels and deterministic baseline outputs,Check whether later Q&A references earlier prepared remarks; Measure section-aware recall in retrieval baselines
understanding_lstm_networks_feature_2,Long-range callback detector,understanding_lstm_networks,sequence_models,Research-derived candidate feature from Understanding LSTM Networks: Long-range callback detector.,later,medium,high,stable evidence-span labels and deterministic baseline outputs,Check whether later Q&A references earlier prepared remarks; Measure section-aware recall in retrieval baselines
understanding_lstm_networks_feature_3,Guidance mention carry-forward map,understanding_lstm_networks,sequence_models,Research-derived candidate feature from Understanding LSTM Networks: Guidance mention carry-forward map.,later,medium,high,stable evidence-span labels and deterministic baseline outputs,Check whether later Q&A references earlier prepared remarks; Measure section-aware recall in retrieval baselines
rnn_regularization_feature_1,Regularized local baseline checklist,rnn_regularization,sequence_models,Research-derived candidate feature from Recurrent Neural Network Regularization: Regularized local baseline checklist.,now,medium,high,stable evidence-span labels and deterministic baseline outputs,Track train/dev gap by transcript count; Require held-out-call performance before promoting any learned model
rnn_regularization_feature_2,Overfit warning report for optional classifiers,rnn_regularization,sequence_models,Research-derived candidate feature from Recurrent Neural Network Regularization: Overfit warning report for optional classifiers.,later,medium,high,stable evidence-span labels and deterministic baseline outputs,Track train/dev gap by transcript count; Require held-out-call performance before promoting any learned model
rnn_regularization_feature_3,sequence_models evaluation note for reviewer-facing Signal Engine workflows,rnn_regularization,sequence_models,Research-derived candidate feature from Recurrent Neural Network Regularization: sequence_models evaluation note for reviewer-facing Signal Engine workflows.,later,medium,high,stable evidence-span labels and deterministic baseline outputs,Track train/dev gap by transcript count; Require held-out-call performance before promoting any learned model
keeping_neural_networks_simple_mdl_weights_feature_1,Model complexity budget,keeping_neural_networks_simple_mdl_weights,compression_mdl_complexity,Research-derived candidate feature from Keeping Neural Networks Simple by Minimizing the Description Length of the Weights: Model complexity budget.,now,low,medium,stable evidence-span labels and deterministic baseline outputs,Compare simple deterministic features to optional learned baselines; Track performance per model-complexity tier
keeping_neural_networks_simple_mdl_weights_feature_2,Baseline selection rubric,keeping_neural_networks_simple_mdl_weights,compression_mdl_complexity,Research-derived candidate feature from Keeping Neural Networks Simple by Minimizing the Description Length of the Weights: Baseline selection rubric.,later,low,medium,stable evidence-span labels and deterministic baseline outputs,Compare simple deterministic features to optional learned baselines; Track performance per model-complexity tier
keeping_neural_networks_simple_mdl_weights_feature_3,Description-length-inspired error analysis,keeping_neural_networks_simple_mdl_weights,compression_mdl_complexity,Research-derived candidate feature from Keeping Neural Networks Simple by Minimizing the Description Length of the Weights: Description-length-inspired error analysis.,later,low,medium,stable evidence-span labels and deterministic baseline outputs,Compare simple deterministic features to optional learned baselines; Track performance per model-complexity tier
pointer_networks_feature_1,Pointer-style evidence selector,pointer_networks,attention_transformers,Research-derived candidate feature from Pointer Networks: Pointer-style evidence selector.,now,medium,high,stable evidence-span labels and deterministic baseline outputs,Evidence-span precision/recall; Reviewer agreement on selected transcript spans
pointer_networks_feature_2,Quote span candidate ranker,pointer_networks,attention_transformers,Research-derived candidate feature from Pointer Networks: Quote span candidate ranker.,later,medium,high,stable evidence-span labels and deterministic baseline outputs,Evidence-span precision/recall; Reviewer agreement on selected transcript spans
pointer_networks_feature_3,Transcript segment pointer UI,pointer_networks,attention_transformers,Research-derived candidate feature from Pointer Networks: Transcript segment pointer UI.,later,medium,high,stable evidence-span labels and deterministic baseline outputs,Evidence-span precision/recall; Reviewer agreement on selected transcript spans
imagenet_classification_deep_cnn_feature_1,Visual frame feature candidate registry,imagenet_classification_deep_cnn,vision_multimodal,Research-derived candidate feature from ImageNet Classification with Deep Convolutional Neural Networks: Visual frame feature candidate registry.,later,medium,medium,stable evidence-span labels and deterministic baseline outputs,Only evaluate visual features when source coverage and labels exist; Compare text-only vs text+media lift on fixed cases
imagenet_classification_deep_cnn_feature_2,Multimodal benchmark readiness checklist,imagenet_classification_deep_cnn,vision_multimodal,Research-derived candidate feature from ImageNet Classification with Deep Convolutional Neural Networks: Multimodal benchmark readiness checklist.,later,medium,medium,stable evidence-span labels and deterministic baseline outputs,Only evaluate visual features when source coverage and labels exist; Compare text-only vs text+media lift on fixed cases
imagenet_classification_deep_cnn_feature_3,vision_multimodal evaluation note for reviewer-facing Signal Engine workflows,imagenet_classification_deep_cnn,vision_multimodal,Research-derived candidate feature from ImageNet Classification with Deep Convolutional Neural Networks: vision_multimodal evaluation note for reviewer-facing Signal Engine workflows.,later,medium,medium,stable evidence-span labels and deterministic baseline outputs,Only evaluate visual features when source coverage and labels exist; Compare text-only vs text+media lift on fixed cases
order_matters_seq2seq_sets_feature_1,Permutation stress test for chunk rankers,order_matters_seq2seq_sets,sequence_models,Research-derived candidate feature from Order Matters: Sequence to Sequence for Sets: Permutation stress test for chunk rankers.,now,medium,high,stable evidence-span labels and deterministic baseline outputs,Shuffle candidate evidence spans and measure stability; Compare chronological vs relevance-sorted retrieval contexts
order_matters_seq2seq_sets_feature_2,Set-vs-sequence evaluation mode,order_matters_seq2seq_sets,sequence_models,Research-derived candidate feature from Order Matters: Sequence to Sequence for Sets: Set-vs-sequence evaluation mode.,later,medium,high,stable evidence-span labels and deterministic baseline outputs,Shuffle candidate evidence spans and measure stability; Compare chronological vs relevance-sorted retrieval contexts
order_matters_seq2seq_sets_feature_3,sequence_models evaluation note for reviewer-facing Signal Engine workflows,order_matters_seq2seq_sets,sequence_models,Research-derived candidate feature from Order Matters: Sequence to Sequence for Sets: sequence_models evaluation note for reviewer-facing Signal Engine workflows.,later,medium,high,stable evidence-span labels and deterministic baseline outputs,Shuffle candidate evidence spans and measure stability; Compare chronological vs relevance-sorted retrieval contexts
gpipe_scaling_microbatch_pipeline_parallelism_feature_1,Compute readiness checklist,gpipe_scaling_microbatch_pipeline_parallelism,scaling_systems,Research-derived candidate feature from GPipe: Easy Scaling with Micro-Batch Pipeline Parallelism: Compute readiness checklist.,later,medium,medium,stable evidence-span labels and deterministic baseline outputs,Record cost/performance only after local baselines saturate; Gate GPU work on benchmark stability
gpipe_scaling_microbatch_pipeline_parallelism_feature_2,Training escalation gates,gpipe_scaling_microbatch_pipeline_parallelism,scaling_systems,Research-derived candidate feature from GPipe: Easy Scaling with Micro-Batch Pipeline Parallelism: Training escalation gates.,later,medium,medium,stable evidence-span labels and deterministic baseline outputs,Record cost/performance only after local baselines saturate; Gate GPU work on benchmark stability
gpipe_scaling_microbatch_pipeline_parallelism_feature_3,Optional large-model experiment plan,gpipe_scaling_microbatch_pipeline_parallelism,scaling_systems,Research-derived candidate feature from GPipe: Easy Scaling with Micro-Batch Pipeline Parallelism: Optional large-model experiment plan.,later,medium,medium,stable evidence-span labels and deterministic baseline outputs,Record cost/performance only after local baselines saturate; Gate GPU work on benchmark stability
deep_residual_learning_image_recognition_feature_1,Additive evidence scoring layers,deep_residual_learning_image_recognition,vision_multimodal,Research-derived candidate feature from Deep Residual Learning for Image Recognition: Additive evidence scoring layers.,later,medium,medium,stable evidence-span labels and deterministic baseline outputs,"Ablate each sidecar as a residual contribution; Measure lift over deterministic baseline, not standalone score only"
deep_residual_learning_image_recognition_feature_2,Residual-style model sidecars that preserve deterministic output,deep_residual_learning_image_recognition,vision_multimodal,Research-derived candidate feature from Deep Residual Learning for Image Recognition: Residual-style model sidecars that preserve deterministic output.,later,medium,medium,stable evidence-span labels and deterministic baseline outputs,"Ablate each sidecar as a residual contribution; Measure lift over deterministic baseline, not standalone score only"
deep_residual_learning_image_recognition_feature_3,vision_multimodal evaluation note for reviewer-facing Signal Engine workflows,deep_residual_learning_image_recognition,vision_multimodal,Research-derived candidate feature from Deep Residual Learning for Image Recognition: vision_multimodal evaluation note for reviewer-facing Signal Engine workflows.,later,medium,medium,stable evidence-span labels and deterministic baseline outputs,"Ablate each sidecar as a residual contribution; Measure lift over deterministic baseline, not standalone score only"
multi_scale_context_aggregation_dilated_convolutions_feature_1,Local/medium/global transcript window features,multi_scale_context_aggregation_dilated_convolutions,vision_multimodal,Research-derived candidate feature from Multi-Scale Context Aggregation by Dilated Convolutions: Local/medium/global transcript window features.,later,medium,medium,stable evidence-span labels and deterministic baseline outputs,Compare single-sentence vs neighboring-window evidence quality; Measure context window impact on false positives
multi_scale_context_aggregation_dilated_convolutions_feature_2,Evidence span context ladder,multi_scale_context_aggregation_dilated_convolutions,vision_multimodal,Research-derived candidate feature from Multi-Scale Context Aggregation by Dilated Convolutions: Evidence span context ladder.,later,medium,medium,stable evidence-span labels and deterministic baseline outputs,Compare single-sentence vs neighboring-window evidence quality; Measure context window impact on false positives
multi_scale_context_aggregation_dilated_convolutions_feature_3,vision_multimodal evaluation note for reviewer-facing Signal Engine workflows,multi_scale_context_aggregation_dilated_convolutions,vision_multimodal,Research-derived candidate feature from Multi-Scale Context Aggregation by Dilated Convolutions: vision_multimodal evaluation note for reviewer-facing Signal Engine workflows.,later,medium,medium,stable evidence-span labels and deterministic baseline outputs,Compare single-sentence vs neighboring-window evidence quality; Measure context window impact on false positives
neural_message_passing_quantum_chemistry_feature_1,Speaker-turn graph scaffold,neural_message_passing_quantum_chemistry,graph_relational_learning,Research-derived candidate feature from Neural Message Passing for Quantum Chemistry: Speaker-turn graph scaffold.,later,medium,medium,stable evidence-span labels and deterministic baseline outputs,Evaluate graph features against Q&A friction labels; Ablate speaker/entity edges from retrieval
neural_message_passing_quantum_chemistry_feature_2,Question-answer relation graph,neural_message_passing_quantum_chemistry,graph_relational_learning,Research-derived candidate feature from Neural Message Passing for Quantum Chemistry: Question-answer relation graph.,later,medium,medium,stable evidence-span labels and deterministic baseline outputs,Evaluate graph features against Q&A friction labels; Ablate speaker/entity edges from retrieval
neural_message_passing_quantum_chemistry_feature_3,Company/topic graph features,neural_message_passing_quantum_chemistry,graph_relational_learning,Research-derived candidate feature from Neural Message Passing for Quantum Chemistry: Company/topic graph features.,later,medium,medium,stable evidence-span labels and deterministic baseline outputs,Evaluate graph features against Q&A friction labels; Ablate speaker/entity edges from retrieval
attention_is_all_you_need_feature_1,Attention-inspired chunk reranker,attention_is_all_you_need,attention_transformers,Research-derived candidate feature from Attention Is All You Need: Attention-inspired chunk reranker.,now,medium,high,stable evidence-span labels and deterministic baseline outputs,Compare lexical retrieval vs embedding/reranker candidates; Measure evidence citation quality and section recall
attention_is_all_you_need_feature_2,Transformer baseline experiment,attention_is_all_you_need,attention_transformers,Research-derived candidate feature from Attention Is All You Need: Transformer baseline experiment.,later,medium,high,stable evidence-span labels and deterministic baseline outputs,Compare lexical retrieval vs embedding/reranker candidates; Measure evidence citation quality and section recall
attention_is_all_you_need_feature_3,Long-context evidence packing strategy,attention_is_all_you_need,attention_transformers,Research-derived candidate feature from Attention Is All You Need: Long-context evidence packing strategy.,later,medium,high,stable evidence-span labels and deterministic baseline outputs,Compare lexical retrieval vs embedding/reranker candidates; Measure evidence citation quality and section recall
nmt_jointly_learning_align_translate_feature_1,Signal-to-evidence alignment report,nmt_jointly_learning_align_translate,attention_transformers,Research-derived candidate feature from Neural Machine Translation by Jointly Learning to Align and Translate: Signal-to-evidence alignment report.,now,medium,high,stable evidence-span labels and deterministic baseline outputs,Gold evidence alignment precision; Long-section degradation tests
nmt_jointly_learning_align_translate_feature_2,Attention-style quote support scoring,nmt_jointly_learning_align_translate,attention_transformers,Research-derived candidate feature from Neural Machine Translation by Jointly Learning to Align and Translate: Attention-style quote support scoring.,later,medium,high,stable evidence-span labels and deterministic baseline outputs,Gold evidence alignment precision; Long-section degradation tests
nmt_jointly_learning_align_translate_feature_3,attention_transformers evaluation note for reviewer-facing Signal Engine workflows,nmt_jointly_learning_align_translate,attention_transformers,Research-derived candidate feature from Neural Machine Translation by Jointly Learning to Align and Translate: attention_transformers evaluation note for reviewer-facing Signal Engine workflows.,later,medium,high,stable evidence-span labels and deterministic baseline outputs,Gold evidence alignment precision; Long-section degradation tests
identity_mappings_deep_residual_networks_feature_1,Non-destructive scoring pipeline notes,identity_mappings_deep_residual_networks,representation_learning,Research-derived candidate feature from Identity Mappings in Deep Residual Networks: Non-destructive scoring pipeline notes.,later,medium,medium,stable evidence-span labels and deterministic baseline outputs,Verify sidecars never remove source evidence; Measure each layer as incremental lift
identity_mappings_deep_residual_networks_feature_2,Sidecar ablation protocol,identity_mappings_deep_residual_networks,representation_learning,Research-derived candidate feature from Identity Mappings in Deep Residual Networks: Sidecar ablation protocol.,later,medium,medium,stable evidence-span labels and deterministic baseline outputs,Verify sidecars never remove source evidence; Measure each layer as incremental lift
identity_mappings_deep_residual_networks_feature_3,representation_learning evaluation note for reviewer-facing Signal Engine workflows,identity_mappings_deep_residual_networks,representation_learning,Research-derived candidate feature from Identity Mappings in Deep Residual Networks: representation_learning evaluation note for reviewer-facing Signal Engine workflows.,later,medium,medium,stable evidence-span labels and deterministic baseline outputs,Verify sidecars never remove source evidence; Measure each layer as incremental lift
simple_module_relational_reasoning_feature_1,Speaker relation features,simple_module_relational_reasoning,graph_relational_learning,Research-derived candidate feature from A Simple Neural Network Module for Relational Reasoning: Speaker relation features.,later,medium,medium,stable evidence-span labels and deterministic baseline outputs,Evaluate whether answer-evasion labels improve with Q/A pair features; Test relation features on analyst pressure examples
simple_module_relational_reasoning_feature_2,Question-answer consistency checker,simple_module_relational_reasoning,graph_relational_learning,Research-derived candidate feature from A Simple Neural Network Module for Relational Reasoning: Question-answer consistency checker.,later,medium,medium,stable evidence-span labels and deterministic baseline outputs,Evaluate whether answer-evasion labels improve with Q/A pair features; Test relation features on analyst pressure examples
simple_module_relational_reasoning_feature_3,Entity relation evidence table,simple_module_relational_reasoning,graph_relational_learning,Research-derived candidate feature from A Simple Neural Network Module for Relational Reasoning: Entity relation evidence table.,later,medium,medium,stable evidence-span labels and deterministic baseline outputs,Evaluate whether answer-evasion labels improve with Q/A pair features; Test relation features on analyst pressure examples
variational_lossy_autoencoder_feature_1,Lossy summary audit,variational_lossy_autoencoder,representation_learning,Research-derived candidate feature from Variational Lossy Autoencoder: Lossy summary audit.,later,medium,medium,stable evidence-span labels and deterministic baseline outputs,Measure whether summaries preserve gold evidence spans; Compare abstraction levels for reviewer usefulness
variational_lossy_autoencoder_feature_2,Latent topic sketch experiments,variational_lossy_autoencoder,representation_learning,Research-derived candidate feature from Variational Lossy Autoencoder: Latent topic sketch experiments.,later,medium,medium,stable evidence-span labels and deterministic baseline outputs,Measure whether summaries preserve gold evidence spans; Compare abstraction levels for reviewer usefulness
variational_lossy_autoencoder_feature_3,Compression-vs-evidence preservation rubric,variational_lossy_autoencoder,representation_learning,Research-derived candidate feature from Variational Lossy Autoencoder: Compression-vs-evidence preservation rubric.,later,medium,medium,stable evidence-span labels and deterministic baseline outputs,Measure whether summaries preserve gold evidence spans; Compare abstraction levels for reviewer usefulness
relational_recurrent_neural_networks_feature_1,Multi-thread call state tracker,relational_recurrent_neural_networks,reasoning_memory,Research-derived candidate feature from Relational Recurrent Neural Networks: Multi-thread call state tracker.,later,medium,medium,stable evidence-span labels and deterministic baseline outputs,Evaluate callback detection across sections; Track topic-thread state against human annotations
relational_recurrent_neural_networks_feature_2,Topic memory slots,relational_recurrent_neural_networks,reasoning_memory,Research-derived candidate feature from Relational Recurrent Neural Networks: Topic memory slots.,later,medium,medium,stable evidence-span labels and deterministic baseline outputs,Evaluate callback detection across sections; Track topic-thread state against human annotations
relational_recurrent_neural_networks_feature_3,Q&A callback detector,relational_recurrent_neural_networks,reasoning_memory,Research-derived candidate feature from Relational Recurrent Neural Networks: Q&A callback detector.,later,medium,medium,stable evidence-span labels and deterministic baseline outputs,Evaluate callback detection across sections; Track topic-thread state against human annotations
coffee_automaton_complexity_closed_systems_feature_1,Signal density curve,coffee_automaton_complexity_closed_systems,compression_mdl_complexity,Research-derived candidate feature from Quantifying the Rise and Fall of Complexity in Closed Systems: The Coffee Automaton: Signal density curve.,now,low,medium,stable evidence-span labels and deterministic baseline outputs,Compare signal density by call phase; Test whether Q&A complexity predicts review priority
coffee_automaton_complexity_closed_systems_feature_2,Prepared-to-Q&A complexity shift metric,coffee_automaton_complexity_closed_systems,compression_mdl_complexity,Research-derived candidate feature from Quantifying the Rise and Fall of Complexity in Closed Systems: The Coffee Automaton: Prepared-to-Q&A complexity shift metric.,later,low,medium,stable evidence-span labels and deterministic baseline outputs,Compare signal density by call phase; Test whether Q&A complexity predicts review priority
coffee_automaton_complexity_closed_systems_feature_3,Boilerplate decay detector,coffee_automaton_complexity_closed_systems,compression_mdl_complexity,Research-derived candidate feature from Quantifying the Rise and Fall of Complexity in Closed Systems: The Coffee Automaton: Boilerplate decay detector.,later,low,medium,stable evidence-span labels and deterministic baseline outputs,Compare signal density by call phase; Test whether Q&A complexity predicts review priority
neural_turing_machines_feature_1,Evidence memory store,neural_turing_machines,reasoning_memory,Research-derived candidate feature from Neural Turing Machines: Evidence memory store.,later,medium,medium,stable evidence-span labels and deterministic baseline outputs,Evaluate retrieval memory hit rate; Audit whether generated summaries cite stored evidence
neural_turing_machines_feature_2,Transcript scratchpad interface,neural_turing_machines,reasoning_memory,Research-derived candidate feature from Neural Turing Machines: Transcript scratchpad interface.,later,medium,medium,stable evidence-span labels and deterministic baseline outputs,Evaluate retrieval memory hit rate; Audit whether generated summaries cite stored evidence
neural_turing_machines_feature_3,Memory-read audit log,neural_turing_machines,reasoning_memory,Research-derived candidate feature from Neural Turing Machines: Memory-read audit log.,later,medium,medium,stable evidence-span labels and deterministic baseline outputs,Evaluate retrieval memory hit rate; Audit whether generated summaries cite stored evidence
deep_speech_2_end_to_end_speech_recognition_feature_1,ASR provenance manifest,deep_speech_2_end_to_end_speech_recognition,speech_audio,Research-derived candidate feature from Deep Speech 2: End-to-End Speech Recognition in English and Mandarin: ASR provenance manifest.,later,medium,medium,stable evidence-span labels and deterministic baseline outputs,Track ASR word error on any manually checked clips; Compare transcript-only vs transcript+prosody on reviewed labels
deep_speech_2_end_to_end_speech_recognition_feature_2,WER/proxy quality gate,deep_speech_2_end_to_end_speech_recognition,speech_audio,Research-derived candidate feature from Deep Speech 2: End-to-End Speech Recognition in English and Mandarin: WER/proxy quality gate.,later,medium,medium,stable evidence-span labels and deterministic baseline outputs,Track ASR word error on any manually checked clips; Compare transcript-only vs transcript+prosody on reviewed labels
deep_speech_2_end_to_end_speech_recognition_feature_3,Prosody-aligned transcript feature roadmap,deep_speech_2_end_to_end_speech_recognition,speech_audio,Research-derived candidate feature from Deep Speech 2: End-to-End Speech Recognition in English and Mandarin: Prosody-aligned transcript feature roadmap.,later,medium,medium,stable evidence-span labels and deterministic baseline outputs,Track ASR word error on any manually checked clips; Compare transcript-only vs transcript+prosody on reviewed labels
scaling_laws_neural_language_models_feature_1,Transcript-count gates,scaling_laws_neural_language_models,scaling_systems,Research-derived candidate feature from Scaling Laws for Neural Language Models: Transcript-count gates.,later,medium,medium,stable evidence-span labels and deterministic baseline outputs,Plot learning curves for local baselines by transcript count; Pre-register evaluation gates before scaling
scaling_laws_neural_language_models_feature_2,Learning curve dashboard,scaling_laws_neural_language_models,scaling_systems,Research-derived candidate feature from Scaling Laws for Neural Language Models: Learning curve dashboard.,later,medium,medium,stable evidence-span labels and deterministic baseline outputs,Plot learning curves for local baselines by transcript count; Pre-register evaluation gates before scaling
scaling_laws_neural_language_models_feature_3,Compute/data/model decision rubric,scaling_laws_neural_language_models,scaling_systems,Research-derived candidate feature from Scaling Laws for Neural Language Models: Compute/data/model decision rubric.,later,medium,medium,stable evidence-span labels and deterministic baseline outputs,Plot learning curves for local baselines by transcript count; Pre-register evaluation gates before scaling
tutorial_minimum_description_length_principle_feature_1,Model selection notes,tutorial_minimum_description_length_principle,evaluation_theory,Research-derived candidate feature from A Tutorial Introduction to the Minimum Description Length Principle: Model selection notes.,now,low,high,stable evidence-span labels and deterministic baseline outputs,Track errors saved per added feature; Compare deterministic rules vs learned models under a simplicity rubric
tutorial_minimum_description_length_principle_feature_2,Weak-label complexity penalty,tutorial_minimum_description_length_principle,evaluation_theory,Research-derived candidate feature from A Tutorial Introduction to the Minimum Description Length Principle: Weak-label complexity penalty.,later,low,high,stable evidence-span labels and deterministic baseline outputs,Track errors saved per added feature; Compare deterministic rules vs learned models under a simplicity rubric
tutorial_minimum_description_length_principle_feature_3,Evidence-quality vs model-complexity dashboard,tutorial_minimum_description_length_principle,evaluation_theory,Research-derived candidate feature from A Tutorial Introduction to the Minimum Description Length Principle: Evidence-quality vs model-complexity dashboard.,later,low,high,stable evidence-span labels and deterministic baseline outputs,Track errors saved per added feature; Compare deterministic rules vs learned models under a simplicity rubric
machine_super_intelligence_feature_1,Capability-claim checklist,machine_super_intelligence,evaluation_theory,Research-derived candidate feature from Machine Super Intelligence: Capability-claim checklist.,now,low,high,stable evidence-span labels and deterministic baseline outputs,Audit product language for unsupported AI claims; Separate tool assistance from validated reasoning ability
machine_super_intelligence_feature_2,AI tool risk register,machine_super_intelligence,evaluation_theory,Research-derived candidate feature from Machine Super Intelligence: AI tool risk register.,later,low,high,stable evidence-span labels and deterministic baseline outputs,Audit product language for unsupported AI claims; Separate tool assistance from validated reasoning ability
machine_super_intelligence_feature_3,Evaluation boundary statement,machine_super_intelligence,evaluation_theory,Research-derived candidate feature from Machine Super Intelligence: Evaluation boundary statement.,later,low,high,stable evidence-span labels and deterministic baseline outputs,Audit product language for unsupported AI claims; Separate tool assistance from validated reasoning ability
kolmogorov_complexity_algorithmic_randomness_feature_1,Boilerplate/compressibility research note,kolmogorov_complexity_algorithmic_randomness,compression_mdl_complexity,Research-derived candidate feature from Kolmogorov Complexity and Algorithmic Randomness: Boilerplate/compressibility research note.,now,low,medium,stable evidence-span labels and deterministic baseline outputs,Validate compression metrics against human labels; Check false positives on boilerplate and legal disclaimers
kolmogorov_complexity_algorithmic_randomness_feature_2,Randomness-vs-signal caveat in feature docs,kolmogorov_complexity_algorithmic_randomness,compression_mdl_complexity,Research-derived candidate feature from Kolmogorov Complexity and Algorithmic Randomness: Randomness-vs-signal caveat in feature docs.,later,low,medium,stable evidence-span labels and deterministic baseline outputs,Validate compression metrics against human labels; Check false positives on boilerplate and legal disclaimers
kolmogorov_complexity_algorithmic_randomness_feature_3,compression_mdl_complexity evaluation note for reviewer-facing Signal Engine workflows,kolmogorov_complexity_algorithmic_randomness,compression_mdl_complexity,Research-derived candidate feature from Kolmogorov Complexity and Algorithmic Randomness: compression_mdl_complexity evaluation note for reviewer-facing Signal Engine workflows.,later,low,medium,stable evidence-span labels and deterministic baseline outputs,Validate compression metrics against human labels; Check false positives on boilerplate and legal disclaimers
stanford_cs231n_convolutional_neural_networks_feature_1,Multimodal learning syllabus,stanford_cs231n_convolutional_neural_networks,vision_multimodal,Research-derived candidate feature from Stanford's CS231n Convolutional Neural Networks for Visual Recognition: Multimodal learning syllabus.,later,medium,medium,stable evidence-span labels and deterministic baseline outputs,Require visual feature coverage reports; Compare multimodal lift with human-reviewed decision tasks
stanford_cs231n_convolutional_neural_networks_feature_2,Vision feature audit checklist,stanford_cs231n_convolutional_neural_networks,vision_multimodal,Research-derived candidate feature from Stanford's CS231n Convolutional Neural Networks for Visual Recognition: Vision feature audit checklist.,later,medium,medium,stable evidence-span labels and deterministic baseline outputs,Require visual feature coverage reports; Compare multimodal lift with human-reviewed decision tasks
stanford_cs231n_convolutional_neural_networks_feature_3,Model-card review guide,stanford_cs231n_convolutional_neural_networks,vision_multimodal,Research-derived candidate feature from Stanford's CS231n Convolutional Neural Networks for Visual Recognition: Model-card review guide.,later,medium,medium,stable evidence-span labels and deterministic baseline outputs,Require visual feature coverage reports; Compare multimodal lift with human-reviewed decision tasks
