segment_id,case_id,audio_asset_id,start_time_sec,end_time_sec,speaker,text_sha256,raw_text_committed
vz_2024_q4_00001,vz_2024_q4,vz_2024_q4_audio,0.0,5.8,,sha256:991cc24134fe0dc42d572d4e8eb898d2a18cf54147fe8c9c30dba4e0baa584ff,false
vz_2024_q4_00002,vz_2024_q4,vz_2024_q4_audio,5.8,10.4,,sha256:cf5073420e322f7b51a97409fe1426149d0f9da42f8acfb7339ac768ee56339b,false
vz_2024_q4_00003,vz_2024_q4,vz_2024_q4_audio,10.4,15.76,,sha256:ac6d6f593f84ac3d7c578fe3e914990be068d8d1d88dcbec99fb9366786f3acb,false
vz_2024_q4_00004,vz_2024_q4,vz_2024_q4_audio,15.76,22.400000000000002,,sha256:195ad3ab8537c4ee848e98b9a4913510609b444542b4ea350bdb0c21f4add516,false
vz_2024_q4_00005,vz_2024_q4,vz_2024_q4_audio,22.400000000000002,25.2,,sha256:19de1fc68930ad94d0968cf77b2e354a52ec42a5e8722030d1b6f17fc8d7a014,false
vz_2024_q4_00006,vz_2024_q4,vz_2024_q4_audio,25.2,29.6,,sha256:f0d71dc8854f1f7ca06f8d5a77642732d786336c8fcb09ce201d35b6c5f4eb06,false
vz_2024_q4_00007,vz_2024_q4,vz_2024_q4_audio,29.6,34.4,,sha256:4947d689b1f699c028a85638e554070600640b082f83a6c026f8b07785e44342,false
vz_2024_q4_00008,vz_2024_q4,vz_2024_q4_audio,34.4,38.32,,sha256:4fbd41e02cd2436827ec33cf744c72aca089f8877f82d2583bd26bbdb645ed5e,false
vz_2024_q4_00009,vz_2024_q4,vz_2024_q4_audio,38.32,43.6,,sha256:0280be17ae41c8dbe6364f105aad74ac50f5fe58cb140e525fa50843da500e28,false
vz_2024_q4_00010,vz_2024_q4,vz_2024_q4_audio,43.6,47.6,,sha256:87bbc775d38e160ef1361edeb328296353bab64ed8e65290fc6f469a13fb8461,false
vz_2024_q4_00011,vz_2024_q4,vz_2024_q4_audio,47.6,52.64,,sha256:fd62b2c62eed443481dae9a1e8bf55125f34bb27dc1e3ddfcebca50875242498,false
vz_2024_q4_00012,vz_2024_q4,vz_2024_q4_audio,52.64,56.56,,sha256:f21faa7ded8e2c451d09c96651552344778a762b2e295a8ce2e1d63922b39078,false
vz_2024_q4_00013,vz_2024_q4,vz_2024_q4_audio,56.56,63.2,,sha256:08bd9e666c568266f88cf6b5045603bfc6f8cd70f200ccd1eefb8a3c53478cc7,false
vz_2024_q4_00014,vz_2024_q4,vz_2024_q4_audio,63.2,66.4,,sha256:64dfcfbc5139593804d059749de5f8914951af31079d477851fb7feb7217049d,false
vz_2024_q4_00015,vz_2024_q4,vz_2024_q4_audio,66.4,71.84,,sha256:6ff832d0d0ca543398fed696ce747a249c61dd20c9e4e17dc4e8a2c194dc525e,false
vz_2024_q4_00016,vz_2024_q4,vz_2024_q4_audio,71.84,78.24000000000001,,sha256:2aaa9a4edb4decd07664078c32a19a3c335ec4edb76726d8610ebd3441126da2,false
vz_2024_q4_00017,vz_2024_q4,vz_2024_q4_audio,78.8,84.24,,sha256:55d8c20244a4dc54fb2ac022d0d718f5ea2bf12a8716a11bd3e440dfd19670d4,false
vz_2024_q4_00018,vz_2024_q4,vz_2024_q4_audio,84.24,89.83999999999999,,sha256:a3546ee7f8ce3a1e74bb917a5e5014ad163e8338d2872e41651d7573f7050c41,false
vz_2024_q4_00019,vz_2024_q4,vz_2024_q4_audio,90.72,97.91999999999999,,sha256:2df612a0321c2b7cb6c3b5c94c59f0dae7859e0a56ea4c63e48b0c813a7b5051,false
vz_2024_q4_00020,vz_2024_q4,vz_2024_q4_audio,97.91999999999999,101.6,,sha256:4146642934b65a4d8f9bf828791761808edcce1598fe4aac59fdda28e10e7256,false
vz_2024_q4_00021,vz_2024_q4,vz_2024_q4_audio,102.56,108.00000000000001,,sha256:ca75a12e4698c0fa95e83cf15ffe9927c524d6a8fc3d1ef8d00275aaffbdc0b6,false
vz_2024_q4_00022,vz_2024_q4,vz_2024_q4_audio,108.00000000000001,113.76,,sha256:ce7e08890e3291c8e002c85d57b3c0a732bcf3322c47b9083ec1eee46cbed4d1,false
vz_2024_q4_00023,vz_2024_q4,vz_2024_q4_audio,113.76,119.28,,sha256:b235d44771692c034c97546a583bf372bf004a669e16df5b088896d5fbdbdd69,false
vz_2024_q4_00024,vz_2024_q4,vz_2024_q4_audio,120.00000000000001,125.36000000000001,,sha256:ad9b3ff3e27dfa34aee497a22d1006b2a37dc34a2e6df9436c7ebbe3ae84de5b,false
vz_2024_q4_00025,vz_2024_q4,vz_2024_q4_audio,125.36,132.32,,sha256:ca1024cfa006f684ff20c3de6dac4476e2495b9ce2d4face42edc219b9b8712d,false
vz_2024_q4_00026,vz_2024_q4,vz_2024_q4_audio,133.12,138.56,,sha256:489fc80ec49ac3cb248eb78bc13ecf68d9036aa1ab33944ca808ebe9d33c5a62,false
vz_2024_q4_00027,vz_2024_q4,vz_2024_q4_audio,138.56,145.12,,sha256:2bc5f6f10998aa1ffb33b3d53462a0cc458d1e2cc078d24be08c4305cee35fad,false
vz_2024_q4_00028,vz_2024_q4,vz_2024_q4_audio,145.12,152.07999999999998,,sha256:57cec4c20829d02a8ec408af2cce5227b9f8e16338ae2b7ee843e504cd921cac,false
vz_2024_q4_00029,vz_2024_q4,vz_2024_q4_audio,152.08,157.60000000000002,,sha256:71013e2f4f6166949aa22dcd3e01576fbcfa4e6f45243f5e4dff4b9460899860,false
vz_2024_q4_00030,vz_2024_q4,vz_2024_q4_audio,157.60000000000002,163.84,,sha256:e275b58fdb9f01158067a22a4c3971152d04b2018e2c4ed922d20ec8b2c09498,false
vz_2024_q4_00031,vz_2024_q4,vz_2024_q4_audio,163.84,169.92000000000002,,sha256:caab1a3d8cb67ca9c5751d2400b9053d79f004ea6fcd566e0ecd4968a8870b1f,false
vz_2024_q4_00032,vz_2024_q4,vz_2024_q4_audio,169.92000000000002,174.72000000000003,,sha256:0019e891bd181d72fa3b4cbd54576ec27fadfa86b484bcfa32e4525f00086647,false
vz_2024_q4_00033,vz_2024_q4,vz_2024_q4_audio,174.72000000000003,179.12,,sha256:aab70b5affc6eb621855da561b3b0b133f20fd92e1722075a42025a7332ae927,false
vz_2024_q4_00034,vz_2024_q4,vz_2024_q4_audio,180.08,185.36,,sha256:76d779bbce75ed5fcc6b3e60e26c14a75b77ce9b25be92ad12876e11898ca514,false
vz_2024_q4_00035,vz_2024_q4,vz_2024_q4_audio,185.36,191.68,,sha256:be99a26b38841d797bd6fd853293e63f72fa3372389f7f273e84c8065c8ea43a,false
vz_2024_q4_00036,vz_2024_q4,vz_2024_q4_audio,191.68,197.52,,sha256:99759978a99691da7e552aaa4e3791c4b938d9d75c283fda88d4ebc032551ca0,false
vz_2024_q4_00037,vz_2024_q4,vz_2024_q4_audio,197.52,204.48000000000002,,sha256:5d969bc8c03a2be93052b427d52292aa9c2523210fd487098e8367d4f967e534,false
vz_2024_q4_00038,vz_2024_q4,vz_2024_q4_audio,204.56000000000003,212.08,,sha256:841e3545722fb676b75406e08869a2996d69f9bd395ac1b370f1774cdc0e10c7,false
vz_2024_q4_00039,vz_2024_q4,vz_2024_q4_audio,212.08,217.84000000000003,,sha256:ec074efb70ad853c8fd9e6890bc7f3d0f4d45a2c76e0dffb8c456dd93db3208c,false
vz_2024_q4_00040,vz_2024_q4,vz_2024_q4_audio,217.84000000000003,224.48000000000002,,sha256:340313b4e062ecc1cf5576ce584444c0747c776d48971b223c24d0450008e4a7,false
vz_2024_q4_00041,vz_2024_q4,vz_2024_q4_audio,225.04000000000002,230.24,,sha256:37c0a881216b203e6e4dd5674522a404f0da08ee3dbe11a988817fff58160f89,false
vz_2024_q4_00042,vz_2024_q4,vz_2024_q4_audio,230.24,235.84,,sha256:dc37ce498ca79750e83b152a52d5bf0bc55385a7bfb6d295964b78751cc0fce4,false
vz_2024_q4_00043,vz_2024_q4,vz_2024_q4_audio,235.84,242.64000000000001,,sha256:b5ce2a4e342f99e85b083aa2e58f5253bc8ce7d647e357fd19e6f87668c57b38,false
vz_2024_q4_00044,vz_2024_q4,vz_2024_q4_audio,242.64000000000001,249.92000000000002,,sha256:74b4a525ffbb87d25f8ffb3d5e8133ca98999f3abc7c80c39f51d875a23ddb0b,false
vz_2024_q4_00045,vz_2024_q4,vz_2024_q4_audio,249.92000000000002,257.36,,sha256:f78680432271f98e17150750f0ce76c08b292cad17f4e8ad89f79c8ea29882b0,false
vz_2024_q4_00046,vz_2024_q4,vz_2024_q4_audio,257.36,263.52000000000004,,sha256:6fc5550cd7e6e8af2ca0dc498ce440e9083c7d346e89cfc7e1d07f30d670bcc7,false
vz_2024_q4_00047,vz_2024_q4,vz_2024_q4_audio,263.52000000000004,272.64,,sha256:1bbbc8c07c73e3857b8fb32efdbaccf72a1b9a6aaa66e173c9190c22597feef8,false
vz_2024_q4_00048,vz_2024_q4,vz_2024_q4_audio,272.64,279.92,,sha256:6f8e59ec81b809837f5d03b7c23dca0f18b89ac850198bedcbb5aa242f4b08c5,false
vz_2024_q4_00049,vz_2024_q4,vz_2024_q4_audio,279.92,287.28000000000003,,sha256:03f7788404ec25caf68125941bf4ac02e65c08b74149296448791a8561314729,false
vz_2024_q4_00050,vz_2024_q4,vz_2024_q4_audio,287.28000000000003,293.44,,sha256:2771658b9035f8ee5cefbccdfce01f947dfa34420fed9b9206b7cdc3b83bf3dd,false
vz_2024_q4_00051,vz_2024_q4,vz_2024_q4_audio,293.44,301.12,,sha256:b0d5f6191e2eabcfd5ced65fdeab9e290d88688456fadf38ff3a8dde8b0d33c4,false
vz_2024_q4_00052,vz_2024_q4,vz_2024_q4_audio,301.12,308.96000000000004,,sha256:a9acc0f063e859a680ea37b9710f3207eb04913009ca225711e8414195cad1a3,false
vz_2024_q4_00053,vz_2024_q4,vz_2024_q4_audio,309.44,315.03999999999996,,sha256:2a3302b97983b592c1d6d5d2bb539c3282005331f0fc16ab1fd04ecf7f679178,false
vz_2024_q4_00054,vz_2024_q4,vz_2024_q4_audio,315.03999999999996,322.96,,sha256:9af3a959f96c4e27b9b394cfc91c977a86de034d2f88090fc8c1ca7953a9082d,false
vz_2024_q4_00055,vz_2024_q4,vz_2024_q4_audio,322.96,331.2,,sha256:8e027a98fec5ab214f04bef78f98faeea8ee8166be9c80ed2e54eb83ccafe218,false
vz_2024_q4_00056,vz_2024_q4,vz_2024_q4_audio,331.2,337.12,,sha256:c68dfc5b87a6980312553b4c9dd9444af034fe7e768774167430b3f3fa8fcf4e,false
vz_2024_q4_00057,vz_2024_q4,vz_2024_q4_audio,337.2,342.8,,sha256:7e9adedc6ef8519ff9f77ad0f3324fc055b63c7f072465787053c270bfc7335d,false
vz_2024_q4_00058,vz_2024_q4,vz_2024_q4_audio,343.68,348.8,,sha256:61a265381f66df9efb37644c315f65c7e46b92ba455e0fbb8a3eb655ab292d2c,false
vz_2024_q4_00059,vz_2024_q4,vz_2024_q4_audio,348.8,353.04,,sha256:285a94b3674b352d122672d49df1e7e940e1f8c741d823daae80337bc7047dd0,false
vz_2024_q4_00060,vz_2024_q4,vz_2024_q4_audio,353.84000000000003,361.76,,sha256:77ff053a0de6be2b1d11ed42bb86ff3b0d8e440050f6b9c775f4c6d9f8cde29a,false
vz_2024_q4_00061,vz_2024_q4,vz_2024_q4_audio,361.76,366.56,,sha256:835b860d4cd70e9b8d18fdf3d77f3b51dc13a74b8299b9be14035dbbaf3ff0fd,false
vz_2024_q4_00062,vz_2024_q4,vz_2024_q4_audio,367.12,373.2,,sha256:e1b2bb43b66cda2d45da39d6536bd655fcbb47630984cbf15b2447a8f8dd4982,false
vz_2024_q4_00063,vz_2024_q4,vz_2024_q4_audio,373.76,379.68,,sha256:16842bcaacd327fe3d9da269cc458b2ac6884d2be72a2bd1f1d9cca4215fdad7,false
vz_2024_q4_00064,vz_2024_q4,vz_2024_q4_audio,379.68,385.92,,sha256:d83a12305328d8cf4699bd3319b5fc8d6662f2d06b495eb6843161597608d1c1,false
vz_2024_q4_00065,vz_2024_q4,vz_2024_q4_audio,385.92,391.36,,sha256:d972a96744e37fb622feb1cc6cd852150bd974c6bd8acb471787edb3c77bcdab,false
vz_2024_q4_00066,vz_2024_q4,vz_2024_q4_audio,392.08000000000004,397.28000000000003,,sha256:5c6a79ba16462dfeaca5dcb11edf57b8f0825e16dfddd6e63deedd473e520d90,false
vz_2024_q4_00067,vz_2024_q4,vz_2024_q4_audio,398.08000000000004,403.36,,sha256:5b5d691059e38ffd572b81e72c2c9a5a6abea4188c395bad599ee41622ca35d0,false
vz_2024_q4_00068,vz_2024_q4,vz_2024_q4_audio,403.36,410.40000000000003,,sha256:a167fb2cc7df47f4a565ba0a2198561420f1875a3cd1d4f1242c4f0ed819a53a,false
vz_2024_q4_00069,vz_2024_q4,vz_2024_q4_audio,410.40000000000003,416.96000000000004,,sha256:6124b0a376f85c15bb9181df1f2ae862da5c4a8014d638df5b02cd60313cc318,false
vz_2024_q4_00070,vz_2024_q4,vz_2024_q4_audio,416.96000000000004,423.20000000000005,,sha256:a2ca78dc54ca2f8006195747d53c18c84c8a313784f6e377dfc09c2f72453cec,false
vz_2024_q4_00071,vz_2024_q4,vz_2024_q4_audio,423.20000000000005,428.48,,sha256:e09a7ce0245e7c887129232986ceb9fc7af10b50856e65ac8f1225da20c448d6,false
vz_2024_q4_00072,vz_2024_q4,vz_2024_q4_audio,428.48,435.52000000000004,,sha256:fcab4027c0e5486e54323e02cfe3d6beb888d0be3b5256f4b8458ee880c2ef7b,false
vz_2024_q4_00073,vz_2024_q4,vz_2024_q4_audio,435.52000000000004,441.76000000000005,,sha256:9f2ce7ac6b6355af33acc76f9031db1201174b2127d61291b5ea5c18efe0f260,false
vz_2024_q4_00074,vz_2024_q4,vz_2024_q4_audio,441.84,446.0,,sha256:86d6db60a61a2ccbfd88c717b550c75929430f13efe21daa2762302df29dc069,false
vz_2024_q4_00075,vz_2024_q4,vz_2024_q4_audio,446.0,450.56,,sha256:2bd0e7fe788dee0bb07299661380cc8bb2ad8e053d4211e5dea2cc41beb70ff1,false
vz_2024_q4_00076,vz_2024_q4,vz_2024_q4_audio,450.56,458.32,,sha256:b3bc68d720f76babcb214b04c361c9c7280ea08bd69d0ab1da947fe756287d2c,false
vz_2024_q4_00077,vz_2024_q4,vz_2024_q4_audio,458.32,468.32,,sha256:39d1d3e7171e9275709bad014b1781df80beff15d65a9ad70a8ee7b1fce9d550,false
vz_2024_q4_00078,vz_2024_q4,vz_2024_q4_audio,468.4,475.76,,sha256:b1b20793307ae0dd517da690e2a2bcb0a904a551a6cf82ce72e3b3f4bf8311e7,false
vz_2024_q4_00079,vz_2024_q4,vz_2024_q4_audio,476.88,483.76,,sha256:7c81a4d564ebeb93d7b3025c4e292d0695cd6abedbaa00fb93997ac4e2ef6969,false
vz_2024_q4_00080,vz_2024_q4,vz_2024_q4_audio,483.76,491.03999999999996,,sha256:0be4b501516f20e2c5892c7b8b538c2f3f8b756755fafc0b7793bc6f365aee17,false
vz_2024_q4_00081,vz_2024_q4,vz_2024_q4_audio,491.04,498.16,,sha256:6c4178ae9bea1cfd41c04a18a7e77cf6fb1a224c370de0aece497e7554f9cb91,false
vz_2024_q4_00082,vz_2024_q4,vz_2024_q4_audio,498.16,504.88,,sha256:5521ac33c2568020365e7275e7ca77b337848ed6d7ddde30725306434197b73d,false
vz_2024_q4_00083,vz_2024_q4,vz_2024_q4_audio,504.88,510.88,,sha256:81d3d879aa55db53982c1d0f2d8f3fddd26f1edf1c96d994226bb1ea64a514e3,false
vz_2024_q4_00084,vz_2024_q4,vz_2024_q4_audio,510.88,517.6,,sha256:76953b20611e709fe97305908dd0d0a89ef5e29944708b049914aac00dac6993,false
vz_2024_q4_00085,vz_2024_q4,vz_2024_q4_audio,517.6,523.76,,sha256:bd803ed46460d4c221fc7fe6d559731c245496dfd2760cb2d8a4f261bf4d13fc,false
vz_2024_q4_00086,vz_2024_q4,vz_2024_q4_audio,523.76,533.36,,sha256:c96c5cae81cd7828426d88dd22eb7ef4787c9bb9ef6b9a0db8e0b25cf3723142,false
vz_2024_q4_00087,vz_2024_q4,vz_2024_q4_audio,533.36,541.36,,sha256:7ae56258b392395e56306f76d1e336424d65bc04b48e69848716e16129800256,false
vz_2024_q4_00088,vz_2024_q4,vz_2024_q4_audio,541.36,548.08,,sha256:d7b5204c055aea76886c64ad8e4ac29f7bd1302eacd0f9351cbdc72725f6a8d7,false
vz_2024_q4_00089,vz_2024_q4,vz_2024_q4_audio,548.08,554.64,,sha256:2db21101da587c9de2885b792f3fc398ad7cf7ca6c1ec2b53ce927d49de7ac9b,false
vz_2024_q4_00090,vz_2024_q4,vz_2024_q4_audio,554.64,560.48,,sha256:a88872a5ba4d27ed0f691cc11178af2bbebd58882c24bf923e52d8d8a43871a2,false
vz_2024_q4_00091,vz_2024_q4,vz_2024_q4_audio,560.48,567.52,,sha256:7b31ef069e3079ad4e73ed8f2d5a3d1b1c388e89724132d1b5e9fac5b07be302,false
vz_2024_q4_00092,vz_2024_q4,vz_2024_q4_audio,567.52,572.56,,sha256:cd8a59dfee2e7b003977aa1f36e07fce51c636d8de23be0f05f8e7f0277dd1ca,false
vz_2024_q4_00093,vz_2024_q4,vz_2024_q4_audio,572.56,579.04,,sha256:b9b0f29821461e450530e213f8dc59b318b9b4d09faae434cd26dd451f70927a,false
vz_2024_q4_00094,vz_2024_q4,vz_2024_q4_audio,579.04,585.6,,sha256:64296a3eb2654be9a1ff077a6eabfea21ea93c9eb2e227fe096f4e3d33aae1e8,false
vz_2024_q4_00095,vz_2024_q4,vz_2024_q4_audio,585.6,590.64,,sha256:84798f6a3d07ab83df027eda38cad509dfec8499df86af967bbe22f788ef4656,false
vz_2024_q4_00096,vz_2024_q4,vz_2024_q4_audio,590.96,596.24,,sha256:30f648d72b021660dfe08cf88172f94b81c55c156655790f3b8d4c76c0aeacd7,false
vz_2024_q4_00097,vz_2024_q4,vz_2024_q4_audio,597.12,602.72,,sha256:d75fde75f5eb1463825b972adc22acf6e8bc34b220c53aec68937380b48b28c6,false
vz_2024_q4_00098,vz_2024_q4,vz_2024_q4_audio,602.72,608.4,,sha256:a8e47513a5b9b832883cc23af495e1d51dc5c3292c12859d78443e9e733cb426,false
vz_2024_q4_00099,vz_2024_q4,vz_2024_q4_audio,609.36,615.6,,sha256:4f94e1fa7ac53c36eaca4d2e8e1bdb8eb0607bae8fc650d9c6080941f6c863c0,false
vz_2024_q4_00100,vz_2024_q4,vz_2024_q4_audio,615.6,621.6,,sha256:245af9ccbedd71bde71f60a247c5124e632044d9f19c59abfa8f52afe71644a0,false
vz_2024_q4_00101,vz_2024_q4,vz_2024_q4_audio,621.6800000000001,628.5600000000001,,sha256:e766d366c510bb3918d736f4e339ec5d47e32066d0d04bef7f9f218c2b3bfdf9,false
vz_2024_q4_00102,vz_2024_q4,vz_2024_q4_audio,628.5600000000001,634.08,,sha256:0a134bb668591139a4d4f2073ea7ea25c19bab5669f035c212e5224c8c9cbbda,false
vz_2024_q4_00103,vz_2024_q4,vz_2024_q4_audio,634.08,640.4,,sha256:d93c36fdcf08eeebc60a0fa25408038110a9378c3e0fb8079d28bcd6da534a6d,false
vz_2024_q4_00104,vz_2024_q4,vz_2024_q4_audio,640.4,646.96,,sha256:eae1d3fbd2355abe9bdbf54b5a865b875f7b22b97c5bd93bde147d3aa90f1ce6,false
vz_2024_q4_00105,vz_2024_q4,vz_2024_q4_audio,646.96,653.0400000000001,,sha256:99ff77896d7c304a8fcbb35bdae18c3e3aa5454bb798686efba1a8992570a028,false
vz_2024_q4_00106,vz_2024_q4,vz_2024_q4_audio,653.0400000000001,658.08,,sha256:0792bf710de1fe24839124cea015df4b6b4bdda1e7135f023e9a82ec3ba2f154,false
vz_2024_q4_00107,vz_2024_q4,vz_2024_q4_audio,658.08,663.84,,sha256:0439df95a24772d03f4cffd79bba5378d9d4a697d9cc87d426031737970c98d5,false
vz_2024_q4_00108,vz_2024_q4,vz_2024_q4_audio,663.84,670.08,,sha256:c02dec08aa69cf12181b9aadc96acd9080212401368898324d1342bc805dfb9d,false
vz_2024_q4_00109,vz_2024_q4,vz_2024_q4_audio,670.4000000000001,676.1600000000001,,sha256:20895dc51d210af9a40482b0bfb604bf66ef5285c8b2494bb66e000a91865138,false
vz_2024_q4_00110,vz_2024_q4,vz_2024_q4_audio,676.1600000000001,683.2800000000001,,sha256:9b3ec622e9208f4be5ee15b67f5a08c188a0ea43117efc11ac0b31d8e16af51a,false
vz_2024_q4_00111,vz_2024_q4,vz_2024_q4_audio,683.2800000000001,691.2,,sha256:65fc88c654b13ee64a3f93a3d5d27599018f1842e0b429145a2d892069557469,false
vz_2024_q4_00112,vz_2024_q4,vz_2024_q4_audio,691.2,696.6400000000001,,sha256:796994dbec8f0352c9844354163a213accfa4485d1a5e53209e183646035cc81,false
vz_2024_q4_00113,vz_2024_q4,vz_2024_q4_audio,696.72,703.6,,sha256:fa3d4b90912ab25c390f6e8cca434ce7fd88ff1b6f76ab48a1347bf7e899724d,false
vz_2024_q4_00114,vz_2024_q4,vz_2024_q4_audio,703.6,709.4399999999999,,sha256:ec2addb54426c4d38fc6ad92bdee1d8cdb1091b54d6792425eb1813e9f1d090c,false
vz_2024_q4_00115,vz_2024_q4,vz_2024_q4_audio,710.0,717.12,,sha256:0d6030ecea887c9cde625173f99354f5fdd0408331186f95db008a9cdca4ce62,false
vz_2024_q4_00116,vz_2024_q4,vz_2024_q4_audio,717.12,722.16,,sha256:e9c99f8974555f2e44d856ce8e7aef3e9da42078d2833a93c107700fa031642c,false
vz_2024_q4_00117,vz_2024_q4,vz_2024_q4_audio,722.16,725.28,,sha256:c3a68444f890d4a1a18082375457244d3b34fd2b43061209dbd7e5381a374042,false
vz_2024_q4_00118,vz_2024_q4,vz_2024_q4_audio,726.48,731.04,,sha256:560d3483fbeefdca53439ba734bb9720219ccbf5162e6195ef8816e8aa19ab10,false
vz_2024_q4_00119,vz_2024_q4,vz_2024_q4_audio,731.04,735.28,,sha256:6008623580a484a12b50f9d21a520dec239f3cb8ba9fe1c0c229693dacaee355,false
vz_2024_q4_00120,vz_2024_q4,vz_2024_q4_audio,735.28,740.48,,sha256:351c73927287ad1528f94493ac96bb3d7ded47819797512b955321769ecfb14e,false
vz_2024_q4_00121,vz_2024_q4,vz_2024_q4_audio,740.48,746.56,,sha256:3c50538a160dc43e4c3535327189a905d2726bbaebb93bd57cfca88131f63a80,false
vz_2024_q4_00122,vz_2024_q4,vz_2024_q4_audio,746.56,751.92,,sha256:81932e787a64a806e982c29deca928837c6fb489a48f03e0a19a6e5e9063d2e7,false
vz_2024_q4_00123,vz_2024_q4,vz_2024_q4_audio,751.92,756.4,,sha256:429eaf58f9e73311c668c5b70da5f37b954ffc3e03f5ece195ce88628f940af5,false
vz_2024_q4_00124,vz_2024_q4,vz_2024_q4_audio,756.4,762.8,,sha256:ee79c055268f3dc478f4a01c482c3e8d0aaa750308f12fd204707b4f2f72b2f5,false
vz_2024_q4_00125,vz_2024_q4,vz_2024_q4_audio,762.8,768.4799999999999,,sha256:5b452257f047d72df73c1e12f4a2f3be0a9dcd43fc241374f683af3e1e6e9eb6,false
vz_2024_q4_00126,vz_2024_q4,vz_2024_q4_audio,769.12,774.88,,sha256:fb9d36a34736470c0c4543b885fa96aaa96c9975dfbaa8bf6724b5f35d8fa5ed,false
vz_2024_q4_00127,vz_2024_q4,vz_2024_q4_audio,774.96,781.68,,sha256:c38a8463141c6364c386aacf105bf14ffb6a7cdb1cb702f4d4f03e533517a843,false
vz_2024_q4_00128,vz_2024_q4,vz_2024_q4_audio,781.68,786.8,,sha256:d5886df3b20a073dd4c20b6cf37e48958603baf507326666983dff6d5aa2c931,false
vz_2024_q4_00129,vz_2024_q4,vz_2024_q4_audio,786.8,792.56,,sha256:c4eac19ca4daa05d524ca0206e15318c28059f27f81bc6780116668ad9ee119f,false
vz_2024_q4_00130,vz_2024_q4,vz_2024_q4_audio,792.56,797.52,,sha256:a2a63746f2060640c5cc59618042c0baa8de664e8660c42ab35b5e9bfccd23ba,false
vz_2024_q4_00131,vz_2024_q4,vz_2024_q4_audio,798.72,803.36,,sha256:9b9c0c4610831dd2d7b57b01bd7b1fd17f84468dd86b283fef97c10e0cad6bd0,false
vz_2024_q4_00132,vz_2024_q4,vz_2024_q4_audio,804.16,809.2,,sha256:4237473947ace7a915ba1557449802e7a6456b1aa2315f7f3e35a2c9e422cc4c,false
vz_2024_q4_00133,vz_2024_q4,vz_2024_q4_audio,809.2,813.2,,sha256:3709f6ceb92d3313ca74bec896a13863f58551361eff43ae3555e418b17300e1,false
vz_2024_q4_00134,vz_2024_q4,vz_2024_q4_audio,814.16,818.48,,sha256:58fadeb674b03ebdcfd2532be454ddaff6bf01c4b71fdf29cd37cbba66a907f4,false
vz_2024_q4_00135,vz_2024_q4,vz_2024_q4_audio,818.48,822.72,,sha256:adda0ab4c203ccfd74a3d7dcb7e36ae22de674690cc08418eaaaeba485f92a9c,false
vz_2024_q4_00136,vz_2024_q4,vz_2024_q4_audio,823.52,829.44,,sha256:744638ded207424530e6450e97943f1db49345e95aa1e0188a6e25ec89284d73,false
vz_2024_q4_00137,vz_2024_q4,vz_2024_q4_audio,829.44,834.24,,sha256:99f4d948185903293bc3cfd3fa751a2083f89cfac506a29173efd603cb40c105,false
vz_2024_q4_00138,vz_2024_q4,vz_2024_q4_audio,835.2800000000001,841.0400000000001,,sha256:19f8a500c9dbbe5c489bf7872b54f01e2fb8c7c942a3b52e622aa756709d62f1,false
vz_2024_q4_00139,vz_2024_q4,vz_2024_q4_audio,841.0400000000001,844.24,,sha256:408793f66425d9d2a3a07c06b0acb5318fe357ac32d0fbfd5c6921048c2b9da4,false
vz_2024_q4_00140,vz_2024_q4,vz_2024_q4_audio,845.12,849.6,,sha256:c4a8e9dced64214a6ca7dae261e2599897ef2504c8f9ed35409cf96f75468a8f,false
vz_2024_q4_00141,vz_2024_q4,vz_2024_q4_audio,849.6,854.6400000000001,,sha256:ed47fee4258f6b7d70a987c7b1885295da85a26d121bf2740e89a43028599da2,false
vz_2024_q4_00142,vz_2024_q4,vz_2024_q4_audio,855.4399999999999,860.4,,sha256:587f7d25151835f21bd810f122022cf1b4e6ef78f472979bbf16364d03e6dd2e,false
vz_2024_q4_00143,vz_2024_q4,vz_2024_q4_audio,860.4,866.8,,sha256:00c6b9acb4116c46d92e7f9660c6ec7e7915bb53a3a3b92d64e139c6bc07a5e4,false
vz_2024_q4_00144,vz_2024_q4,vz_2024_q4_audio,866.8,872.48,,sha256:56b813811ded1fbcf77175db1a865170f72d99040615ea7239b7aef6a2b5e345,false
vz_2024_q4_00145,vz_2024_q4,vz_2024_q4_audio,872.48,878.0,,sha256:202914a2e3e18ece61c10ba72b4cbcd3dab8c12e4e5fc4e28274d21f946645f1,false
vz_2024_q4_00146,vz_2024_q4,vz_2024_q4_audio,878.0,883.36,,sha256:5903bed1af0771ded232b9e67065e031e4a26cdf761865060c8fdd3f55d6df7e,false
vz_2024_q4_00147,vz_2024_q4,vz_2024_q4_audio,883.36,890.8000000000001,,sha256:964f449ab6d09507d86c977975587e0ab86acaa60d17ccd7fd9effcb69e9f4fb,false
vz_2024_q4_00148,vz_2024_q4,vz_2024_q4_audio,890.8000000000001,896.16,,sha256:3366b4730bb8c2e7d90156c200f5d50d24da7db49c758a169e19ca155aacfb69,false
vz_2024_q4_00149,vz_2024_q4,vz_2024_q4_audio,896.16,900.4,,sha256:0baf24533f89a05e6e8a0e0da1710ad3be45d1ecc6ce4d99b8bc1dc7121a7aa0,false
vz_2024_q4_00150,vz_2024_q4,vz_2024_q4_audio,900.4,907.9200000000001,,sha256:b2ecff7158b620f90712ef81ff4d3929cb89f5556954a27c276e65a754b8da2d,false
vz_2024_q4_00151,vz_2024_q4,vz_2024_q4_audio,907.9200000000001,913.2800000000001,,sha256:21590ded388a0b152269c3cfc04b93012e9ae7751693bbc4dfd3013ecdeddf24,false
vz_2024_q4_00152,vz_2024_q4,vz_2024_q4_audio,913.2800000000001,919.2,,sha256:fc5768f1b6abe47e15e044632802062ad7f815add9a21b6b65c868fb50da8c13,false
vz_2024_q4_00153,vz_2024_q4,vz_2024_q4_audio,919.2,924.48,,sha256:fa16826d9c6ab1a05171fa1cdaa17f7d1ea4ce93006504fc0ca25a60cd85bc0f,false
vz_2024_q4_00154,vz_2024_q4,vz_2024_q4_audio,924.48,930.8800000000001,,sha256:5487879da1cdf21d10a5b744a288fce73b8cff0deb0ba6a3caf0289cfff805d8,false
vz_2024_q4_00155,vz_2024_q4,vz_2024_q4_audio,930.8800000000001,936.8000000000001,,sha256:2b0064177f38476e7cd22a75fc958557d454289df645a0e58b803a99ecc274e5,false
vz_2024_q4_00156,vz_2024_q4,vz_2024_q4_audio,936.8000000000001,942.8800000000001,,sha256:e2e89c9c99b838be09fa7065f8c722cff716e72831e1c8f02abf612de63f7ad9,false
vz_2024_q4_00157,vz_2024_q4,vz_2024_q4_audio,942.8800000000001,948.1600000000001,,sha256:9ab025b91b8b3bbad9289636445d5040505c6b6a2326667a6aa9b7217f9cec4a,false
vz_2024_q4_00158,vz_2024_q4,vz_2024_q4_audio,948.1600000000001,952.72,,sha256:986be1a694470522c52fb7ed28249034e0ad2994ada7e57f69f73d881030b420,false
vz_2024_q4_00159,vz_2024_q4,vz_2024_q4_audio,952.72,959.0400000000001,,sha256:04aff376a27f03680daba943de3e1291698281b7bf1183cc0d6e0f1501f5cbe3,false
vz_2024_q4_00160,vz_2024_q4,vz_2024_q4_audio,959.0400000000001,965.2800000000001,,sha256:73bfc1d3991f8110548b1c1fd9ba07489838e6b210f2304f4b4bce8b362abef9,false
vz_2024_q4_00161,vz_2024_q4,vz_2024_q4_audio,965.28,971.68,,sha256:b94d5c66c00dba19f4fa80d0628da9fc6b6f1a475297310b3a86512f86ac2437,false
vz_2024_q4_00162,vz_2024_q4,vz_2024_q4_audio,971.68,976.88,,sha256:b49f9f19cb797c28b3e1d7dd3cb76b0b6ac357bd0f58ba74f244df044e3e7ced,false
vz_2024_q4_00163,vz_2024_q4,vz_2024_q4_audio,976.88,983.04,,sha256:564beb28b9f1df6fe6bdfdfd76fada4a3014a51532bc359813cf869e7e695793,false
vz_2024_q4_00164,vz_2024_q4,vz_2024_q4_audio,984.3199999999999,990.0,,sha256:2dc9d7e609b7f9dc765a191794c473cbc380979300832f8a5044469e27b4e555,false
vz_2024_q4_00165,vz_2024_q4,vz_2024_q4_audio,990.0,996.16,,sha256:0fe25a9e45abad342acc3649bb6bc7b956cf63a6824f9e496f6d8e065c48839f,false
vz_2024_q4_00166,vz_2024_q4,vz_2024_q4_audio,996.16,1001.36,,sha256:62adcfb3debe6bda743f17dd8f767b7631f53e0f884c2bce660b4b77c5219b2d,false
vz_2024_q4_00167,vz_2024_q4,vz_2024_q4_audio,1001.36,1007.44,,sha256:87b464a34fe4e19969469712ae0657213fd766d31b682929dfcf1087aaf55d2e,false
vz_2024_q4_00168,vz_2024_q4,vz_2024_q4_audio,1007.44,1012.8,,sha256:31d707d03507429664c4a5122f82114dc07b828ebd14c836f9a84125b7add48e,false
vz_2024_q4_00169,vz_2024_q4,vz_2024_q4_audio,1012.8,1018.08,,sha256:57d96da55e84d86ca4dd6834ad3a2c8e92a793719d2d08f214b395e556058387,false
vz_2024_q4_00170,vz_2024_q4,vz_2024_q4_audio,1018.08,1022.32,,sha256:6f2c956e5fe1dc6a2562fae8509482a61f27ca75519d8f1e0bbe66323167efde,false
vz_2024_q4_00171,vz_2024_q4,vz_2024_q4_audio,1023.2,1026.64,,sha256:212d0f4ae5685ddedec312e9172b27dea846029ba1f003e0de0fa29e0d2b4e7d,false
vz_2024_q4_00172,vz_2024_q4,vz_2024_q4_audio,1026.64,1031.44,,sha256:be3324fdb5271ce6b20f609b9a2cdaeb9ad0fba84829083dceca551f18186146,false
vz_2024_q4_00173,vz_2024_q4,vz_2024_q4_audio,1032.16,1037.6000000000001,,sha256:19c22283bbacd5e39a39cfbd212227d019dcd242f323354b51b487823c5e14f4,false
vz_2024_q4_00174,vz_2024_q4,vz_2024_q4_audio,1038.16,1042.08,,sha256:bc20807fe15e0df2b1cde4e6ab4401d10abe2aebc420f934bd17588fabc36b65,false
vz_2024_q4_00175,vz_2024_q4,vz_2024_q4_audio,1042.08,1045.68,,sha256:0eddb2664139c05261a2ed0dbdf305b236431e8d5a084f5e606546ded920e2b4,false
vz_2024_q4_00176,vz_2024_q4,vz_2024_q4_audio,1046.64,1052.88,,sha256:e19009bbfea4433a95bffe7e0b74945f4d42b84fb2fda4f833f27c8ee53de8de,false
vz_2024_q4_00177,vz_2024_q4,vz_2024_q4_audio,1053.68,1059.04,,sha256:b4b98d329b557d3ba98da5129764a4e8e6a70d3669f97de29494465620d7e66f,false
vz_2024_q4_00178,vz_2024_q4,vz_2024_q4_audio,1059.04,1062.0800000000002,,sha256:c1383875fb9783c0403fdc2e51f0e70850fc123618eafdbf80c2f96b0951175e,false
vz_2024_q4_00179,vz_2024_q4,vz_2024_q4_audio,1064.16,1068.72,,sha256:c9ec66b8280f2a96cdef71c72fb73a372d37f649a5b8d2b07cbed901712df876,false
vz_2024_q4_00180,vz_2024_q4,vz_2024_q4_audio,1068.72,1075.2,,sha256:bb4359d931994d5c345f0966ba4cb805618af6050030cfe52a313493fd832e60,false
vz_2024_q4_00181,vz_2024_q4,vz_2024_q4_audio,1075.2,1080.64,,sha256:73091e4af33a68068d28a18550f5d7c61a97ddea5035a173a97b75da8550d63f,false
vz_2024_q4_00182,vz_2024_q4,vz_2024_q4_audio,1081.3600000000001,1086.0800000000002,,sha256:8244fef82c6ef2d8d73fd0360b3937355cecf3e440657630f389d80606a0e48f,false
vz_2024_q4_00183,vz_2024_q4,vz_2024_q4_audio,1087.04,1092.48,,sha256:b3c3c2595c3597c62f12aa52bd4384771309f55034d99c6f75b19e5c375d9657,false
vz_2024_q4_00184,vz_2024_q4,vz_2024_q4_audio,1092.48,1097.6000000000001,,sha256:ca433621112e3a150c5010378054eb9756637a4fad8994c673af671f5e29c032,false
vz_2024_q4_00185,vz_2024_q4,vz_2024_q4_audio,1097.6000000000001,1102.32,,sha256:a5a9d504ed715327a68f007d51614e94dd8cb9b7af83bfa8f37d6f1888163535,false
vz_2024_q4_00186,vz_2024_q4,vz_2024_q4_audio,1102.96,1108.48,,sha256:fba3ff5d6073296eed7d723d0d72f6f2b6b5a7d155934d367db006a3dd1b9571,false
vz_2024_q4_00187,vz_2024_q4,vz_2024_q4_audio,1108.48,1115.2,,sha256:6b05c25c213c983a5540801f9cbd3534315db051f699ba50aa1ea8057fc38d32,false
vz_2024_q4_00188,vz_2024_q4,vz_2024_q4_audio,1115.2,1119.84,,sha256:c9569ad7f9b141a5b18acfc331a836bc9d9ca2865dddc55b9ce67f4e9f310cbb,false
vz_2024_q4_00189,vz_2024_q4,vz_2024_q4_audio,1121.12,1126.96,,sha256:f94dfbb443c7aab45b1ad0237c3696d34d9a131f8896c41b2285abcb121d50f4,false
vz_2024_q4_00190,vz_2024_q4,vz_2024_q4_audio,1126.96,1133.1200000000001,,sha256:dddbe86de796a4afff59733fbdad3f8f68cfbef424143e7bf7074175fde157b7,false
vz_2024_q4_00191,vz_2024_q4,vz_2024_q4_audio,1133.1200000000001,1139.28,,sha256:c710eed9e99e0eff39caa32e61affc38e35a8b68c4e99aa77d37d0bafcfad509,false
vz_2024_q4_00192,vz_2024_q4,vz_2024_q4_audio,1140.24,1144.88,,sha256:9818d721f43ed1d074920b1d48d0e4d49559246e02420d4e227ba1d63bdbe1b9,false
vz_2024_q4_00193,vz_2024_q4,vz_2024_q4_audio,1144.88,1150.0,,sha256:9aa862b1faa3bba5dc3196be62794cac98c95f0f4ff887d0be9e507e1eece058,false
vz_2024_q4_00194,vz_2024_q4,vz_2024_q4_audio,1150.0,1155.3600000000001,,sha256:709c2cad211df3db54ceb2cfdfa39bfd4069c544aa26ee70b952499742dadd46,false
vz_2024_q4_00195,vz_2024_q4,vz_2024_q4_audio,1156.0000000000002,1160.4,,sha256:b321bedce0c7908fde870265baef48e77744e892d35811782a40732657bfa650,false
vz_2024_q4_00196,vz_2024_q4,vz_2024_q4_audio,1160.4,1167.0400000000002,,sha256:a9fc2a7cf6c8f188eb5c8db8349097ae39ce2e74ef38205c3412f130c9847e55,false
vz_2024_q4_00197,vz_2024_q4,vz_2024_q4_audio,1167.0400000000002,1175.7600000000002,,sha256:42bd0b7cdf0ec6f05cff22db40165fb161de27455a23df2e7b4bca0017c2163e,false
vz_2024_q4_00198,vz_2024_q4,vz_2024_q4_audio,1176.4,1181.2,,sha256:575c100cced3a4957f116b4c1e12b684f1a9baa2b9c7dc5bb79da1c1b39a64ef,false
vz_2024_q4_00199,vz_2024_q4,vz_2024_q4_audio,1181.2,1187.1200000000001,,sha256:7300d7a30b7f63ced28eaa8dc383f9047f5d361250834571b01608b686da4c5c,false
vz_2024_q4_00200,vz_2024_q4,vz_2024_q4_audio,1187.1200000000001,1194.4,,sha256:f59ef5649b76cb1dbd66e3f2621cb128ec4c8e6f5d4ae354268ba9889eecb8c1,false
vz_2024_q4_00201,vz_2024_q4,vz_2024_q4_audio,1194.4,1200.48,,sha256:0aab7c2ffec7ab759b08d2ab3b5898d86fc251e0b253063dee9571d8dd450671,false
vz_2024_q4_00202,vz_2024_q4,vz_2024_q4_audio,1200.48,1205.92,,sha256:6fd41dff152acf9a362993f3cb3c9248cdc74231c15652ee6a4e1295febbad10,false
vz_2024_q4_00203,vz_2024_q4,vz_2024_q4_audio,1205.92,1213.28,,sha256:81ed9e78a03e9d881c449f98257adb48862971891467a007873e218cd4aa0664,false
vz_2024_q4_00204,vz_2024_q4,vz_2024_q4_audio,1213.28,1219.04,,sha256:7697d10cbef6042901cadeb6153dd3a5060acd7fea503d2522a3f3b0c0a346b8,false
vz_2024_q4_00205,vz_2024_q4,vz_2024_q4_audio,1220.3200000000002,1225.6000000000001,,sha256:68c4705a20c837dfdae406d40eb6987bcc6df154392950bf364503c60e66fb4a,false
vz_2024_q4_00206,vz_2024_q4,vz_2024_q4_audio,1225.6000000000001,1230.72,,sha256:68e2d78ab7620220a27a38d247cb2362f932e0e8396dc8b461da56c157bd4a68,false
vz_2024_q4_00207,vz_2024_q4,vz_2024_q4_audio,1230.96,1238.0,,sha256:27051a93973ff21dc92fbd747d20b5f8a410c0c3b8fc988619ada5187f35aff7,false
vz_2024_q4_00208,vz_2024_q4,vz_2024_q4_audio,1238.0,1242.96,,sha256:5aa3a1bd378c2204064a45c83c0db83e00a4b2b6c76ef370b2738e2438b883ea,false
vz_2024_q4_00209,vz_2024_q4,vz_2024_q4_audio,1242.96,1248.24,,sha256:0961a80c14b808f370dd2b14bda4d4201118eb366442b9272701b541f8955c31,false
vz_2024_q4_00210,vz_2024_q4,vz_2024_q4_audio,1248.24,1254.24,,sha256:a771e86f621187dae1826a49d52a0197b2d573c276a0f8b42a3bd7b64b84f6f8,false
vz_2024_q4_00211,vz_2024_q4,vz_2024_q4_audio,1254.24,1260.88,,sha256:2f1773e3a9211175c3abeb1dc537907044b7f7e3cb6d3759c4b3f75b292566f5,false
vz_2024_q4_00212,vz_2024_q4,vz_2024_q4_audio,1260.88,1266.72,,sha256:deb6c3c475d0a7feee672b60ecd510555b23e3c1ef99fded566aa341bcfefca5,false
vz_2024_q4_00213,vz_2024_q4,vz_2024_q4_audio,1266.72,1271.6,,sha256:d25a40dcb712f2a0a093048433f437cdc7989138f6950525e211b814593970e9,false
vz_2024_q4_00214,vz_2024_q4,vz_2024_q4_audio,1272.16,1277.92,,sha256:e8d3f82db223f4bb5fe9c3614ef1e21ba96952ee1d2c1dfd578e41e3b7e4d5b1,false
vz_2024_q4_00215,vz_2024_q4,vz_2024_q4_audio,1278.96,1283.52,,sha256:718559f0462072a009138cbb4b8c38049fe5a64853b664f2dd05e5d3b7cc6dc8,false
vz_2024_q4_00216,vz_2024_q4,vz_2024_q4_audio,1283.52,1290.8,,sha256:563892168e918576345ec39503b94c2e67b1979c6f07df5f4b94b56552cc8f0d,false
vz_2024_q4_00217,vz_2024_q4,vz_2024_q4_audio,1290.8,1295.68,,sha256:a72bf5e5cff1eda25b594af3e0cd2fa4ecfca57d235950072b439d1b4d85d493,false
vz_2024_q4_00218,vz_2024_q4,vz_2024_q4_audio,1296.72,1301.36,,sha256:b1879cf85b680dca938e499a46cae5c563f80865ab98830711689a4c6b1a7380,false
vz_2024_q4_00219,vz_2024_q4,vz_2024_q4_audio,1301.36,1305.68,,sha256:c34c41791f8b035b7ddaa2322d3400c0c82678e46e9e32899c0d19c6eac0328a,false
vz_2024_q4_00220,vz_2024_q4,vz_2024_q4_audio,1306.6399999999999,1311.28,,sha256:19fd2f70c61ee520995e83e369cb02f776cada7673e0d5e89ae6526ff0f53e54,false
vz_2024_q4_00221,vz_2024_q4,vz_2024_q4_audio,1312.08,1316.16,,sha256:3da2c2df7f9db3d1341e9ef917afa4d02447fe5abbced1b05918b428b12c42b3,false
vz_2024_q4_00222,vz_2024_q4,vz_2024_q4_audio,1316.16,1322.3999999999999,,sha256:5981808e4eb00a45dd10ed625b625c2bb36b258dd763a04dc169cb3860933e96,false
vz_2024_q4_00223,vz_2024_q4,vz_2024_q4_audio,1322.3999999999999,1328.16,,sha256:7fd2a7d47fc394775538debf8d76be9f7e16fb21ec5b931f0acb016fc2d64036,false
vz_2024_q4_00224,vz_2024_q4,vz_2024_q4_audio,1328.16,1332.8799999999999,,sha256:d81db87ae50e9e8b3f9429cfa1a8523b758a81d07c904a30042cb83dfb9eedc7,false
vz_2024_q4_00225,vz_2024_q4,vz_2024_q4_audio,1332.8799999999999,1338.3999999999999,,sha256:0aba75536279589938e861104974aa59ba991188e47e62737183b833f61ebdeb,false
vz_2024_q4_00226,vz_2024_q4,vz_2024_q4_audio,1338.4,1343.76,,sha256:71608f6965baa3d6408e4420e4bd40a248eb35b6651670c87ad1c5e1138b6fd8,false
vz_2024_q4_00227,vz_2024_q4,vz_2024_q4_audio,1343.76,1349.44,,sha256:d0280625eacbea9ca1f96a3a2d20cd51bade80bc685064d3ab64a7996a1d4f79,false
vz_2024_q4_00228,vz_2024_q4,vz_2024_q4_audio,1349.44,1355.52,,sha256:a68a6670f5ddf3a5961b5c40f3ccb209bda30f0a1b62acc844b7be083f3d2468,false
vz_2024_q4_00229,vz_2024_q4,vz_2024_q4_audio,1355.52,1361.2800000000002,,sha256:6263431b523b57b784a523cebe725088ef18863d138a0b494d1f5b9246d91ad7,false
vz_2024_q4_00230,vz_2024_q4,vz_2024_q4_audio,1361.2800000000002,1368.24,,sha256:70d731c57d8343055fabddfddaa0ac2297d6871f7b02f96fc7b58b51d6fd9764,false
vz_2024_q4_00231,vz_2024_q4,vz_2024_q4_audio,1368.24,1373.1200000000001,,sha256:c52724094c91571f365657b0f2cd83f4daa98f0b7dad9663f3a339813fb35a44,false
vz_2024_q4_00232,vz_2024_q4,vz_2024_q4_audio,1373.1200000000001,1377.44,,sha256:556a64086bb38c51d44d7577f98013e23016a269862e083793b3560a6318ebc2,false
vz_2024_q4_00233,vz_2024_q4,vz_2024_q4_audio,1377.44,1382.0,,sha256:085f2c603dc67beec4bd0e523cac1cca152cbfb866f52d11ac91dfc22b7e668d,false
vz_2024_q4_00234,vz_2024_q4,vz_2024_q4_audio,1382.0,1387.6,,sha256:b9ee7bd8144f9eb8b488b587e0376b19a19cf7d15d78162497534d425ddf5fe6,false
vz_2024_q4_00235,vz_2024_q4,vz_2024_q4_audio,1387.6,1392.88,,sha256:2131e62918d3a72195dbbc71061e24ac41b0f62460304db9c7786ad68b6f6d7d,false
vz_2024_q4_00236,vz_2024_q4,vz_2024_q4_audio,1392.88,1398.4,,sha256:76db72efafd504629675066218ccca021db8bc92a6cbee1f36e81de6c15dccb2,false
vz_2024_q4_00237,vz_2024_q4,vz_2024_q4_audio,1398.4,1403.7600000000002,,sha256:c6d77831d3d6dcfd337f28f01cfa6f75de05b35ab24ed321670b4e3e05b9faa3,false
vz_2024_q4_00238,vz_2024_q4,vz_2024_q4_audio,1403.7600000000002,1409.8400000000001,,sha256:0a748dec349914887b2821e5a92b6785cdfe85b71163c5aca5197dd57f7c1613,false
vz_2024_q4_00239,vz_2024_q4,vz_2024_q4_audio,1409.8400000000001,1418.3200000000002,,sha256:f6533c4bd3b3b02818a51aa84f8bef7031e6702342b3bd0e9806f6603d544fd0,false
vz_2024_q4_00240,vz_2024_q4,vz_2024_q4_audio,1418.3999999999999,1424.72,,sha256:04e8e6f874b8dfa8e862511b6c0a4672600c50c68d3707cef4ff776db30fd050,false
vz_2024_q4_00241,vz_2024_q4,vz_2024_q4_audio,1424.72,1432.32,,sha256:8cc0f66fdd012062671be52d3f8836280cfbefba4e249ac23ca50e59c1097404,false
vz_2024_q4_00242,vz_2024_q4,vz_2024_q4_audio,1432.32,1439.04,,sha256:449736a9b08a9c534649f961cdf3f6d2f68173a4766ba044bdd44756e916afaf,false
vz_2024_q4_00243,vz_2024_q4,vz_2024_q4_audio,1439.04,1443.52,,sha256:fd2476bdd6cbf33a23307db1f1c14bb70725b668a60fbb42e09b6e91a33e6205,false
vz_2024_q4_00244,vz_2024_q4,vz_2024_q4_audio,1444.24,1450.8,,sha256:934039afd39b2f20351df7ff31f70934acf95db640dc8ba545f7ae061a5e744e,false
vz_2024_q4_00245,vz_2024_q4,vz_2024_q4_audio,1450.8,1458.56,,sha256:f3ddde35b3b40916141ca3c52d0bcc2537e351292e5e9d31176a041e26af9d1a,false
vz_2024_q4_00246,vz_2024_q4,vz_2024_q4_audio,1458.56,1464.56,,sha256:1a39e485ceb53b71279d8c7dad3ea98d386fd6cc2e2ce741f8c774343e8b6e0e,false
vz_2024_q4_00247,vz_2024_q4,vz_2024_q4_audio,1464.56,1471.2,,sha256:6e4403565942ab441ed5807905da7fb6d865b261c288cccac6d922fac23e3b40,false
vz_2024_q4_00248,vz_2024_q4,vz_2024_q4_audio,1471.68,1478.4,,sha256:f925653283ccca356054a8ecace86f3df6b9dbe2d09125ddd83ab214a28377c5,false
vz_2024_q4_00249,vz_2024_q4,vz_2024_q4_audio,1478.4,1485.52,,sha256:2e2042519acfbc4d944c55799256d7ad26fb0abd6686e6a9a9317b7963973c9c,false
