candidate_id,case_id,ticker,company_name,exchange,fiscal_year,fiscal_quarter,event_date,source_url,source_domain,source_type,expected_format,download_allowed,blocked_reason,rights_review_required,commit_allowed,training_allowed,raw_text_committed,replacement_for_blocked_case,replacement_reason
alternate_f_2025_q1,f_2025_q1,F,Ford Motor Company,NYSE,2025,Q1,2025-05-05,https://s205.q4cdn.com/882619693/files/doc_financials/2025/q1/Ford-Q1-2025-Earnings-Call-Transcript-5-5-25.pdf,s205.q4cdn.com,official_ir_hosted_third_party,pdf,true,,true,false,false,false,dow_2025_q4,content_clean:pypdf_memory
alternate_f_2025_q2,f_2025_q2,F,Ford Motor Company,NYSE,2025,Q2,2025-07-30,https://s205.q4cdn.com/882619693/files/doc_financials/2025/q2/Ford-Q2-2025-Earnings-Call-Transcript.pdf,s205.q4cdn.com,official_ir_hosted_third_party,pdf,true,,true,false,false,false,eqt_2025_q4,content_clean:pypdf_memory
alternate_f_2025_q3,f_2025_q3,F,Ford Motor Company,NYSE,2025,Q3,2025-10-23,https://s205.q4cdn.com/882619693/files/doc_financials/2025/q3/Ford-Q3-2025-Earnings-Call-Transcript.pdf,s205.q4cdn.com,official_ir_hosted_third_party,pdf,true,,true,false,false,false,hig_2025_q4,content_clean:pypdf_memory
alternate_lyb_2025_q1,lyb_2025_q1,LYB,LyondellBasell Industries N.V.,NYSE,2025,Q1,2025-04-25,https://s204.q4cdn.com/455115734/files/doc_financials/2025/q1/LYB-1Q25-Earnings-Transcript-1.pdf,s204.q4cdn.com,official_ir_hosted_third_party,pdf,true,,true,false,false,false,oc_2025_q4,content_clean:pypdf_memory
alternate_lyb_2025_q2,lyb_2025_q2,LYB,LyondellBasell Industries N.V.,NYSE,2025,Q2,2025-08-01,https://s204.q4cdn.com/455115734/files/doc_financials/2025/q2/250804-2Q25-Earnings-Transcript.pdf,s204.q4cdn.com,official_ir_hosted_third_party,pdf,true,,true,false,false,false,omc_2025_q4,content_clean:pypdf_memory
alternate_lyb_2025_q3,lyb_2025_q3,LYB,LyondellBasell Industries N.V.,NYSE,2025,Q3,2025-10-31,https://s204.q4cdn.com/455115734/files/doc_financials/2025/q3/251004-3Q25-Earnings-Transcript.pdf,s204.q4cdn.com,official_ir_hosted_third_party,pdf,true,,true,false,false,false,rf_2025_q4,content_clean:pypdf_memory
alternate_rddt_2025_q2,rddt_2025_q2,RDDT,Reddit Inc.,NYSE,2025,Q2,2025-07-31,https://s203.q4cdn.com/380862485/files/doc_financials/2025/q2/Reddit-Q2-25-Earnings-Call_Transcript.pdf,s203.q4cdn.com,official_ir_hosted_third_party,pdf,true,,true,false,false,false,vz_2025_q1,content_clean:pypdf_memory
alternate_rddt_2025_q3,rddt_2025_q3,RDDT,Reddit Inc.,NYSE,2025,Q3,2025-10-30,https://s203.q4cdn.com/380862485/files/doc_financials/2025/q3/Reddit-Q3-25-Earnings-Call_Transcript.pdf,s203.q4cdn.com,official_ir_hosted_third_party,pdf,true,,true,false,false,false,vz_2025_q2,content_clean:pypdf_memory
alternate_jpm_2024_q1,jpm_2024_q1,JPM,JPMorgan Chase & Co.,NYSE,2024,Q1,2024-04-12,https://www.jpmorganchase.com/content/dam/jpmc/jpmorgan-chase-and-co/investor-relations/documents/quarterly-earnings/2024/1st-quarter/jpm-1q24-earnings-call-transcript.pdf,www.jpmorganchase.com,official_ir,pdf,true,,false,false,false,false,vz_2025_q3,content_clean:pypdf_memory
alternate_jpm_2024_q2,jpm_2024_q2,JPM,JPMorgan Chase & Co.,NYSE,2024,Q2,2024-07-12,https://www.jpmorganchase.com/content/dam/jpmc/jpmorgan-chase-and-co/investor-relations/documents/quarterly-earnings/2024/2nd-quarter/jpm-2q24-earnings-call-transcript-final.pdf,www.jpmorganchase.com,official_ir,pdf,true,,false,false,false,false,vz_2025_q4,content_clean:pypdf_memory
alternate_jpm_2024_q3,jpm_2024_q3,JPM,JPMorgan Chase & Co.,NYSE,2024,Q3,2024-10-11,https://www.jpmorganchase.com/content/dam/jpmc/jpmorgan-chase-and-co/investor-relations/documents/quarterly-earnings/2024/3rd-quarter/jpm-3q24-earnings-call-transcript-final.pdf,www.jpmorganchase.com,official_ir,pdf,true,,false,false,false,false,vz_2024_q4,content_clean:pypdf_memory
alternate_jpm_2024_q4,jpm_2024_q4,JPM,JPMorgan Chase & Co.,NYSE,2024,Q4,2025-01-15,https://www.jpmorganchase.com/content/dam/jpmc/jpmorgan-chase-and-co/investor-relations/documents/quarterly-earnings/2024/4th-quarter/4q24-earnings-transcript.pdf,www.jpmorganchase.com,official_ir,pdf,true,,false,false,false,false,crm_2025_q4,content_clean:pypdf_memory
