case_id,ticker_symbol,company_name,exchange,fiscal_year,fiscal_quarter,calendar_year,earnings_call_date,transcript_source_url,audio_source_url,video_source_url,transcript_availability,audio_availability,video_availability,source_type,rights_status,priority_tier,local_paths_created,notes,source_domain,discovered_timestamp,acquisition_method,provenance_hash,call_folder
jpm_2026_q1,JPM,JPMorgan Chase & Co.,NYSE,2026,Q1,2026,2026-04-14,https://www.jpmorganchase.com/ir,https://www.jpmorganchase.com/ir,https://www.jpmorganchase.com/ir,unknown,unknown,unknown,company_ir,metadata_only,4,true,"Metadata-only candidate. Availability is not asserted until official IR source terms, robots policy, and event identity are manually reviewed.",jpmorganchase.com,2026-05-24T00:33:59+00:00,rights_aware_metadata_discovery,sha256:3470e26442dd76acad392cd267b167e1fe7ee8b733850592dde217ba21a2748a,/Users/keith/Desktop/earnings calls 100 samples/JPM_JPMorgan_Chase_Co/2026-04-14_FY2026_Q1
wmt_2026_q1,WMT,Walmart Inc.,NYSE,2026,Q1,2026,2026-04-14,https://stock.walmart.com/,https://stock.walmart.com/,https://stock.walmart.com/,unknown,unknown,unknown,company_ir,metadata_only,4,true,"Metadata-only candidate. Availability is not asserted until official IR source terms, robots policy, and event identity are manually reviewed.",stock.walmart.com,2026-05-24T00:33:59+00:00,rights_aware_metadata_discovery,sha256:8fe0b8c11bc1f2cdbc8fa534a027aef181d3b9221f5affdf08a36049f841d2fe,/Users/keith/Desktop/earnings calls 100 samples/WMT_Walmart_Inc/2026-04-14_FY2026_Q1
hd_2026_q1,HD,"The Home Depot, Inc.",NYSE,2026,Q1,2026,2026-04-14,https://ir.homedepot.com/,https://ir.homedepot.com/,https://ir.homedepot.com/,unknown,unknown,unknown,company_ir,metadata_only,4,true,"Metadata-only candidate. Availability is not asserted until official IR source terms, robots policy, and event identity are manually reviewed.",ir.homedepot.com,2026-05-24T00:33:59+00:00,rights_aware_metadata_discovery,sha256:4dd73b4ec0cb357921429ab1a41886fbf15cfda67cf5e48bbfe5b6c8f2ad2f3b,/Users/keith/Desktop/earnings calls 100 samples/HD_The_Home_Depot_Inc/2026-04-14_FY2026_Q1
jnj_2026_q1,JNJ,Johnson & Johnson,NYSE,2026,Q1,2026,2026-04-14,https://www.investor.jnj.com/,https://www.investor.jnj.com/,https://www.investor.jnj.com/,unknown,unknown,unknown,company_ir,metadata_only,4,true,"Metadata-only candidate. Availability is not asserted until official IR source terms, robots policy, and event identity are manually reviewed.",investor.jnj.com,2026-05-24T00:33:59+00:00,rights_aware_metadata_discovery,sha256:1d47894fb67992a7e7e79bc98ebaf084e1667a91b7a4a2d000ed494e6ce132cc,/Users/keith/Desktop/earnings calls 100 samples/JNJ_Johnson_Johnson/2026-04-14_FY2026_Q1
xom_2026_q1,XOM,Exxon Mobil Corporation,NYSE,2026,Q1,2026,2026-04-14,https://corporate.exxonmobil.com/investors,https://corporate.exxonmobil.com/investors,https://corporate.exxonmobil.com/investors,unknown,unknown,unknown,company_ir,metadata_only,4,true,"Metadata-only candidate. Availability is not asserted until official IR source terms, robots policy, and event identity are manually reviewed.",corporate.exxonmobil.com,2026-05-24T00:33:59+00:00,rights_aware_metadata_discovery,sha256:5e3c41c62d0054d8e5e94fbd4eb1b4eb1fbdbeea7b2403a0faf4e5a3ec72c7e4,/Users/keith/Desktop/earnings calls 100 samples/XOM_Exxon_Mobil_Corporation/2026-04-14_FY2026_Q1
bac_2026_q1,BAC,Bank of America Corporation,NYSE,2026,Q1,2026,2026-04-14,https://investor.bankofamerica.com/,https://investor.bankofamerica.com/,https://investor.bankofamerica.com/,unknown,unknown,unknown,company_ir,metadata_only,4,true,"Metadata-only candidate. Availability is not asserted until official IR source terms, robots policy, and event identity are manually reviewed.",investor.bankofamerica.com,2026-05-24T00:33:59+00:00,rights_aware_metadata_discovery,sha256:7a7fbdda6cef8beb0d8f7b5cd57abba7603a51a476f21bf6a6936855bbd1e62e,/Users/keith/Desktop/earnings calls 100 samples/BAC_Bank_of_America_Corporation/2026-04-14_FY2026_Q1
gs_2026_q1,GS,"The Goldman Sachs Group, Inc.",NYSE,2026,Q1,2026,2026-04-14,https://www.goldmansachs.com/investor-relations/,https://www.goldmansachs.com/investor-relations/,https://www.goldmansachs.com/investor-relations/,unknown,unknown,unknown,company_ir,metadata_only,4,true,"Metadata-only candidate. Availability is not asserted until official IR source terms, robots policy, and event identity are manually reviewed.",goldmansachs.com,2026-05-24T00:33:59+00:00,rights_aware_metadata_discovery,sha256:339d656d486d30a1e6d0f19ac1aa68f6ce652bb72a9330ae599c9beb9a092fe4,/Users/keith/Desktop/earnings calls 100 samples/GS_The_Goldman_Sachs_Group_Inc/2026-04-14_FY2026_Q1
ms_2026_q1,MS,Morgan Stanley,NYSE,2026,Q1,2026,2026-04-14,https://www.morganstanley.com/about-us-ir,https://www.morganstanley.com/about-us-ir,https://www.morganstanley.com/about-us-ir,unknown,unknown,unknown,company_ir,metadata_only,4,true,"Metadata-only candidate. Availability is not asserted until official IR source terms, robots policy, and event identity are manually reviewed.",morganstanley.com,2026-05-24T00:33:59+00:00,rights_aware_metadata_discovery,sha256:10f4a03ba3e25ba763ea49af645bea7440f27422f26c5ae81bbd23e31f351f1a,/Users/keith/Desktop/earnings calls 100 samples/MS_Morgan_Stanley/2026-04-14_FY2026_Q1
blk_2026_q1,BLK,"BlackRock, Inc.",NYSE,2026,Q1,2026,2026-04-14,https://ir.blackrock.com/,https://ir.blackrock.com/,https://ir.blackrock.com/,unknown,unknown,unknown,company_ir,metadata_only,4,true,"Metadata-only candidate. Availability is not asserted until official IR source terms, robots policy, and event identity are manually reviewed.",ir.blackrock.com,2026-05-24T00:33:59+00:00,rights_aware_metadata_discovery,sha256:4fc0c41b3225eebeefd27aeed5bac1c667819657d3395cd75df03e6c52396073,/Users/keith/Desktop/earnings calls 100 samples/BLK_BlackRock_Inc/2026-04-14_FY2026_Q1
axp_2026_q1,AXP,American Express Company,NYSE,2026,Q1,2026,2026-04-14,https://ir.americanexpress.com/,https://ir.americanexpress.com/,https://ir.americanexpress.com/,unknown,unknown,unknown,company_ir,metadata_only,4,true,"Metadata-only candidate. Availability is not asserted until official IR source terms, robots policy, and event identity are manually reviewed.",ir.americanexpress.com,2026-05-24T00:33:59+00:00,rights_aware_metadata_discovery,sha256:6269e089da10ce472211acbf0b77a0a7dcf584975a1581feeb92fc57ae558112,/Users/keith/Desktop/earnings calls 100 samples/AXP_American_Express_Company/2026-04-14_FY2026_Q1
ibm_2026_q1,IBM,International Business Machines Corporation,NYSE,2026,Q1,2026,2026-04-14,https://www.ibm.com/investor,https://www.ibm.com/investor,https://www.ibm.com/investor,unknown,unknown,unknown,company_ir,metadata_only,4,true,"Metadata-only candidate. Availability is not asserted until official IR source terms, robots policy, and event identity are manually reviewed.",ibm.com,2026-05-24T00:33:59+00:00,rights_aware_metadata_discovery,sha256:80cf5e0768c78e59c90d3e9a43a2395717707934ce58c1855bc5cb063f3df5aa,/Users/keith/Desktop/earnings calls 100 samples/IBM_International_Business_Machines_Corporation/2026-04-14_FY2026_Q1
lly_2026_q1,LLY,Eli Lilly and Company,NYSE,2026,Q1,2026,2026-04-14,https://investor.lilly.com/,https://investor.lilly.com/,https://investor.lilly.com/,unknown,unknown,unknown,company_ir,metadata_only,4,true,"Metadata-only candidate. Availability is not asserted until official IR source terms, robots policy, and event identity are manually reviewed.",investor.lilly.com,2026-05-24T00:33:59+00:00,rights_aware_metadata_discovery,sha256:382713a669e90a876adf55beb4a660fda713b14f09ac7f3587654ff6b60f6b62,/Users/keith/Desktop/earnings calls 100 samples/LLY_Eli_Lilly_and_Company/2026-04-14_FY2026_Q1
mrk_2026_q1,MRK,"Merck & Co., Inc.",NYSE,2026,Q1,2026,2026-04-14,https://www.merck.com/investor-relations/,https://www.merck.com/investor-relations/,https://www.merck.com/investor-relations/,unknown,unknown,unknown,company_ir,metadata_only,4,true,"Metadata-only candidate. Availability is not asserted until official IR source terms, robots policy, and event identity are manually reviewed.",merck.com,2026-05-24T00:33:59+00:00,rights_aware_metadata_discovery,sha256:d8ef89302144b9107eaef3ec5e80307dc838ffd4078be8bd609fdb116a41a2af,/Users/keith/Desktop/earnings calls 100 samples/MRK_Merck_Co_Inc/2026-04-14_FY2026_Q1
pfe_2026_q1,PFE,Pfizer Inc.,NYSE,2026,Q1,2026,2026-04-14,https://investors.pfizer.com/,https://investors.pfizer.com/,https://investors.pfizer.com/,unknown,unknown,unknown,company_ir,metadata_only,4,true,"Metadata-only candidate. Availability is not asserted until official IR source terms, robots policy, and event identity are manually reviewed.",investors.pfizer.com,2026-05-24T00:33:59+00:00,rights_aware_metadata_discovery,sha256:f98dc5a7bc8495074690852265a93032896312013105ee5bb3815f399553e1b7,/Users/keith/Desktop/earnings calls 100 samples/PFE_Pfizer_Inc/2026-04-14_FY2026_Q1
unh_2026_q1,UNH,UnitedHealth Group Incorporated,NYSE,2026,Q1,2026,2026-04-14,https://www.unitedhealthgroup.com/investors.html,https://www.unitedhealthgroup.com/investors.html,https://www.unitedhealthgroup.com/investors.html,unknown,unknown,unknown,company_ir,metadata_only,4,true,"Metadata-only candidate. Availability is not asserted until official IR source terms, robots policy, and event identity are manually reviewed.",unitedhealthgroup.com,2026-05-24T00:33:59+00:00,rights_aware_metadata_discovery,sha256:a35d6e96a8c319b2b2ee69ff63c3d13b434e39691bd4aa3428b0ebaf533088f9,/Users/keith/Desktop/earnings calls 100 samples/UNH_UnitedHealth_Group_Incorporated/2026-04-14_FY2026_Q1
cvs_2026_q1,CVS,CVS Health Corporation,NYSE,2026,Q1,2026,2026-04-14,https://investors.cvshealth.com/,https://investors.cvshealth.com/,https://investors.cvshealth.com/,unknown,unknown,unknown,company_ir,metadata_only,4,true,"Metadata-only candidate. Availability is not asserted until official IR source terms, robots policy, and event identity are manually reviewed.",investors.cvshealth.com,2026-05-24T00:33:59+00:00,rights_aware_metadata_discovery,sha256:9504b8809f8d646dd79f410548d16e762cfa41f5e0adc03f873f41cf1216075c,/Users/keith/Desktop/earnings calls 100 samples/CVS_CVS_Health_Corporation/2026-04-14_FY2026_Q1
ba_2026_q1,BA,The Boeing Company,NYSE,2026,Q1,2026,2026-04-14,https://investors.boeing.com/,https://investors.boeing.com/,https://investors.boeing.com/,unknown,unknown,unknown,company_ir,metadata_only,4,true,"Metadata-only candidate. Availability is not asserted until official IR source terms, robots policy, and event identity are manually reviewed.",investors.boeing.com,2026-05-24T00:33:59+00:00,rights_aware_metadata_discovery,sha256:df9029480b3f55a9b43066bcb19dd84b59bfa689f222ab00ae136ba7d32fed9b,/Users/keith/Desktop/earnings calls 100 samples/BA_The_Boeing_Company/2026-04-14_FY2026_Q1
cat_2026_q1,CAT,Caterpillar Inc.,NYSE,2026,Q1,2026,2026-04-14,https://investors.caterpillar.com/,https://investors.caterpillar.com/,https://investors.caterpillar.com/,unknown,unknown,unknown,company_ir,metadata_only,4,true,"Metadata-only candidate. Availability is not asserted until official IR source terms, robots policy, and event identity are manually reviewed.",investors.caterpillar.com,2026-05-24T00:33:59+00:00,rights_aware_metadata_discovery,sha256:ab0bc44b6a17eab5faecac09a53b3eff9e69b7767f79ebb2f8b8da0bcbfe93a3,/Users/keith/Desktop/earnings calls 100 samples/CAT_Caterpillar_Inc/2026-04-14_FY2026_Q1
de_2026_q1,DE,Deere & Company,NYSE,2026,Q1,2026,2026-04-14,https://investor.deere.com/,https://investor.deere.com/,https://investor.deere.com/,unknown,unknown,unknown,company_ir,metadata_only,4,true,"Metadata-only candidate. Availability is not asserted until official IR source terms, robots policy, and event identity are manually reviewed.",investor.deere.com,2026-05-24T00:33:59+00:00,rights_aware_metadata_discovery,sha256:04f7a6eab203855433264402cc79ee01e2fe47a31d6aa9cc2943f7e9681d6ecf,/Users/keith/Desktop/earnings calls 100 samples/DE_Deere_Company/2026-04-14_FY2026_Q1
ge_2026_q1,GE,GE Aerospace,NYSE,2026,Q1,2026,2026-04-14,https://www.geaerospace.com/investors,https://www.geaerospace.com/investors,https://www.geaerospace.com/investors,unknown,unknown,unknown,company_ir,metadata_only,4,true,"Metadata-only candidate. Availability is not asserted until official IR source terms, robots policy, and event identity are manually reviewed.",geaerospace.com,2026-05-24T00:33:59+00:00,rights_aware_metadata_discovery,sha256:6d543abb7ce432d2cdbe20f1d263f4f896e13853feb36b3a2574e3d15dea3564,/Users/keith/Desktop/earnings calls 100 samples/GE_GE_Aerospace/2026-04-14_FY2026_Q1
ko_2026_q1,KO,The Coca-Cola Company,NYSE,2026,Q1,2026,2026-04-14,https://investors.coca-colacompany.com/,https://investors.coca-colacompany.com/,https://investors.coca-colacompany.com/,unknown,unknown,unknown,company_ir,metadata_only,4,true,"Metadata-only candidate. Availability is not asserted until official IR source terms, robots policy, and event identity are manually reviewed.",investors.coca-colacompany.com,2026-05-24T00:33:59+00:00,rights_aware_metadata_discovery,sha256:c4c6497702060c34efd4d8d497a0a99aa65d9db11821681f3c0fadcb0e794c0f,/Users/keith/Desktop/earnings calls 100 samples/KO_The_Coca_Cola_Company/2026-04-14_FY2026_Q1
mcd_2026_q1,MCD,McDonald's Corporation,NYSE,2026,Q1,2026,2026-04-14,https://corporate.mcdonalds.com/corpmcd/investors.html,https://corporate.mcdonalds.com/corpmcd/investors.html,https://corporate.mcdonalds.com/corpmcd/investors.html,unknown,unknown,unknown,company_ir,metadata_only,4,true,"Metadata-only candidate. Availability is not asserted until official IR source terms, robots policy, and event identity are manually reviewed.",corporate.mcdonalds.com,2026-05-24T00:33:59+00:00,rights_aware_metadata_discovery,sha256:fd7b339918f76512f675690f4af04d0df1263d2675a63421ab64bbccf99bb364,/Users/keith/Desktop/earnings calls 100 samples/MCD_McDonald_s_Corporation/2026-04-14_FY2026_Q1
nke_2026_q1,NKE,"NIKE, Inc.",NYSE,2026,Q1,2026,2026-04-14,https://investors.nike.com/,https://investors.nike.com/,https://investors.nike.com/,unknown,unknown,unknown,company_ir,metadata_only,4,true,"Metadata-only candidate. Availability is not asserted until official IR source terms, robots policy, and event identity are manually reviewed.",investors.nike.com,2026-05-24T00:33:59+00:00,rights_aware_metadata_discovery,sha256:4d17ec8d050e5a076334d73edd48c500ed7267094f947e232039f5ca1d16aa9c,/Users/keith/Desktop/earnings calls 100 samples/NKE_NIKE_Inc/2026-04-14_FY2026_Q1
dis_2026_q1,DIS,The Walt Disney Company,NYSE,2026,Q1,2026,2026-04-14,https://thewaltdisneycompany.com/investor-relations/,https://thewaltdisneycompany.com/investor-relations/,https://thewaltdisneycompany.com/investor-relations/,unknown,unknown,unknown,company_ir,metadata_only,4,true,"Metadata-only candidate. Availability is not asserted until official IR source terms, robots policy, and event identity are manually reviewed.",thewaltdisneycompany.com,2026-05-24T00:33:59+00:00,rights_aware_metadata_discovery,sha256:bf1b04aff6e758a5d55cc9d6fc5a6cba407dd19ff431bb14005b37c6aff98e6e,/Users/keith/Desktop/earnings calls 100 samples/DIS_The_Walt_Disney_Company/2026-04-14_FY2026_Q1
t_2026_q1,T,AT&T Inc.,NYSE,2026,Q1,2026,2026-04-14,https://investors.att.com/,https://investors.att.com/,https://investors.att.com/,unknown,unknown,unknown,company_ir,metadata_only,4,true,"Metadata-only candidate. Availability is not asserted until official IR source terms, robots policy, and event identity are manually reviewed.",investors.att.com,2026-05-24T00:33:59+00:00,rights_aware_metadata_discovery,sha256:3e27139bf27b7012da4232514d1d5468944deeda62be84d241d0a8cfcbf80650,/Users/keith/Desktop/earnings calls 100 samples/T_AT_T_Inc/2026-04-14_FY2026_Q1
low_2026_q1,LOW,"Lowe's Companies, Inc.",NYSE,2026,Q1,2026,2026-04-14,https://corporate.lowes.com/investors,https://corporate.lowes.com/investors,https://corporate.lowes.com/investors,unknown,unknown,unknown,company_ir,metadata_only,4,true,"Metadata-only candidate. Availability is not asserted until official IR source terms, robots policy, and event identity are manually reviewed.",corporate.lowes.com,2026-05-24T00:33:59+00:00,rights_aware_metadata_discovery,sha256:795aa9754c9e6aa247907f649e5f38a1530eed20120821a1fdac3baaf462aa6d,/Users/keith/Desktop/earnings calls 100 samples/LOW_Lowe_s_Companies_Inc/2026-04-14_FY2026_Q1
ups_2026_q1,UPS,"United Parcel Service, Inc.",NYSE,2026,Q1,2026,2026-04-14,https://investors.ups.com/,https://investors.ups.com/,https://investors.ups.com/,unknown,unknown,unknown,company_ir,metadata_only,4,true,"Metadata-only candidate. Availability is not asserted until official IR source terms, robots policy, and event identity are manually reviewed.",investors.ups.com,2026-05-24T00:33:59+00:00,rights_aware_metadata_discovery,sha256:22d24568eb22fa4dfd664171cefb04738339908933d1691a0479eefbbcdaaec9,/Users/keith/Desktop/earnings calls 100 samples/UPS_United_Parcel_Service_Inc/2026-04-14_FY2026_Q1
rtx_2026_q1,RTX,RTX Corporation,NYSE,2026,Q1,2026,2026-04-14,https://investors.rtx.com/,https://investors.rtx.com/,https://investors.rtx.com/,unknown,unknown,unknown,company_ir,metadata_only,4,true,"Metadata-only candidate. Availability is not asserted until official IR source terms, robots policy, and event identity are manually reviewed.",investors.rtx.com,2026-05-24T00:33:59+00:00,rights_aware_metadata_discovery,sha256:dbdab409a10d2861884b23dd15ace387c7e467b48558e05a756604274262d1c6,/Users/keith/Desktop/earnings calls 100 samples/RTX_RTX_Corporation/2026-04-14_FY2026_Q1
lmt_2026_q1,LMT,Lockheed Martin Corporation,NYSE,2026,Q1,2026,2026-04-14,https://investors.lockheedmartin.com/,https://investors.lockheedmartin.com/,https://investors.lockheedmartin.com/,unknown,unknown,unknown,company_ir,metadata_only,4,true,"Metadata-only candidate. Availability is not asserted until official IR source terms, robots policy, and event identity are manually reviewed.",investors.lockheedmartin.com,2026-05-24T00:33:59+00:00,rights_aware_metadata_discovery,sha256:f0e8ee7f5c21006c115be892de0b02e167bf38a51df73f58c7b075cf4f158a1d,/Users/keith/Desktop/earnings calls 100 samples/LMT_Lockheed_Martin_Corporation/2026-04-14_FY2026_Q1
noc_2026_q1,NOC,Northrop Grumman Corporation,NYSE,2026,Q1,2026,2026-04-14,https://investor.northropgrumman.com/,https://investor.northropgrumman.com/,https://investor.northropgrumman.com/,unknown,unknown,unknown,company_ir,metadata_only,4,true,"Metadata-only candidate. Availability is not asserted until official IR source terms, robots policy, and event identity are manually reviewed.",investor.northropgrumman.com,2026-05-24T00:33:59+00:00,rights_aware_metadata_discovery,sha256:bbc6040bf345d1e0720a7db3f910ca6968b1602ebca22f8a727f88afc9fb6031,/Users/keith/Desktop/earnings calls 100 samples/NOC_Northrop_Grumman_Corporation/2026-04-14_FY2026_Q1
cvx_2026_q1,CVX,Chevron Corporation,NYSE,2026,Q1,2026,2026-04-14,https://www.chevron.com/investors,https://www.chevron.com/investors,https://www.chevron.com/investors,unknown,unknown,unknown,company_ir,metadata_only,4,true,"Metadata-only candidate. Availability is not asserted until official IR source terms, robots policy, and event identity are manually reviewed.",chevron.com,2026-05-24T00:33:59+00:00,rights_aware_metadata_discovery,sha256:eceed6fe54a96d79d6c653e8e6c2c86107cc6e537cb4dfd1210d6f3d988665f3,/Users/keith/Desktop/earnings calls 100 samples/CVX_Chevron_Corporation/2026-04-14_FY2026_Q1
cop_2026_q1,COP,ConocoPhillips,NYSE,2026,Q1,2026,2026-04-14,https://www.conocophillips.com/investor/,https://www.conocophillips.com/investor/,https://www.conocophillips.com/investor/,unknown,unknown,unknown,company_ir,metadata_only,4,true,"Metadata-only candidate. Availability is not asserted until official IR source terms, robots policy, and event identity are manually reviewed.",conocophillips.com,2026-05-24T00:33:59+00:00,rights_aware_metadata_discovery,sha256:496952edb14c64fb10d6a82f47f9942ee4ae91169bcc8a58aac3d7c2d030da64,/Users/keith/Desktop/earnings calls 100 samples/COP_ConocoPhillips/2026-04-14_FY2026_Q1
slb_2026_q1,SLB,SLB,NYSE,2026,Q1,2026,2026-04-14,https://investorcenter.slb.com/,https://investorcenter.slb.com/,https://investorcenter.slb.com/,unknown,unknown,unknown,company_ir,metadata_only,4,true,"Metadata-only candidate. Availability is not asserted until official IR source terms, robots policy, and event identity are manually reviewed.",investorcenter.slb.com,2026-05-24T00:33:59+00:00,rights_aware_metadata_discovery,sha256:beddb556197f3aa85573234908281c956d4e38a123aa0a6f7cc4e238399eb5c8,/Users/keith/Desktop/earnings calls 100 samples/SLB_SLB/2026-04-14_FY2026_Q1
hal_2026_q1,HAL,Halliburton Company,NYSE,2026,Q1,2026,2026-04-14,https://ir.halliburton.com/,https://ir.halliburton.com/,https://ir.halliburton.com/,unknown,unknown,unknown,company_ir,metadata_only,4,true,"Metadata-only candidate. Availability is not asserted until official IR source terms, robots policy, and event identity are manually reviewed.",ir.halliburton.com,2026-05-24T00:33:59+00:00,rights_aware_metadata_discovery,sha256:54ef63691cb98e7ae23a5b9da482b8f380f2b779b690cc0b8f9ff37b53df2cb5,/Users/keith/Desktop/earnings calls 100 samples/HAL_Halliburton_Company/2026-04-14_FY2026_Q1
pg_2026_q1,PG,The Procter & Gamble Company,NYSE,2026,Q1,2026,2026-04-14,https://www.pginvestor.com/,https://www.pginvestor.com/,https://www.pginvestor.com/,unknown,unknown,unknown,company_ir,metadata_only,4,true,"Metadata-only candidate. Availability is not asserted until official IR source terms, robots policy, and event identity are manually reviewed.",pginvestor.com,2026-05-24T00:33:59+00:00,rights_aware_metadata_discovery,sha256:f60717c28fe093f21332582768b700fc88726a6087842529148b22abafcd1356,/Users/keith/Desktop/earnings calls 100 samples/PG_The_Procter_Gamble_Company/2026-04-14_FY2026_Q1
cl_2026_q1,CL,Colgate-Palmolive Company,NYSE,2026,Q1,2026,2026-04-14,https://investor.colgatepalmolive.com/,https://investor.colgatepalmolive.com/,https://investor.colgatepalmolive.com/,unknown,unknown,unknown,company_ir,metadata_only,4,true,"Metadata-only candidate. Availability is not asserted until official IR source terms, robots policy, and event identity are manually reviewed.",investor.colgatepalmolive.com,2026-05-24T00:33:59+00:00,rights_aware_metadata_discovery,sha256:417a55e3f1db3a38b072b3748232e7332d01411be345de2ef20de4b60b479ec0,/Users/keith/Desktop/earnings calls 100 samples/CL_Colgate_Palmolive_Company/2026-04-14_FY2026_Q1
kmb_2026_q1,KMB,Kimberly-Clark Corporation,NYSE,2026,Q1,2026,2026-04-14,https://investor.kimberly-clark.com/,https://investor.kimberly-clark.com/,https://investor.kimberly-clark.com/,unknown,unknown,unknown,company_ir,metadata_only,4,true,"Metadata-only candidate. Availability is not asserted until official IR source terms, robots policy, and event identity are manually reviewed.",investor.kimberly-clark.com,2026-05-24T00:33:59+00:00,rights_aware_metadata_discovery,sha256:f6e3f804a162a018911e6e0ac77fdb4e5779064400e63905d506fa2183f1b473,/Users/keith/Desktop/earnings calls 100 samples/KMB_Kimberly_Clark_Corporation/2026-04-14_FY2026_Q1
fdx_2026_q1,FDX,FedEx Corporation,NYSE,2026,Q1,2026,2026-04-14,https://investors.fedex.com/,https://investors.fedex.com/,https://investors.fedex.com/,unknown,unknown,unknown,company_ir,metadata_only,4,true,"Metadata-only candidate. Availability is not asserted until official IR source terms, robots policy, and event identity are manually reviewed.",investors.fedex.com,2026-05-24T00:33:59+00:00,rights_aware_metadata_discovery,sha256:bc2775e82397885a33997b352c98afb2399bd18f95cd5a5ae648e934d231adf1,/Users/keith/Desktop/earnings calls 100 samples/FDX_FedEx_Corporation/2026-04-14_FY2026_Q1
dal_2026_q1,DAL,"Delta Air Lines, Inc.",NYSE,2026,Q1,2026,2026-04-14,https://ir.delta.com/,https://ir.delta.com/,https://ir.delta.com/,unknown,unknown,unknown,company_ir,metadata_only,4,true,"Metadata-only candidate. Availability is not asserted until official IR source terms, robots policy, and event identity are manually reviewed.",ir.delta.com,2026-05-24T00:33:59+00:00,rights_aware_metadata_discovery,sha256:b1be5b7f486490b16699d3ee0b0182b2664e9e07260d0bba5c53cd3f23ff12e0,/Users/keith/Desktop/earnings calls 100 samples/DAL_Delta_Air_Lines_Inc/2026-04-14_FY2026_Q1
spgi_2026_q1,SPGI,S&P Global Inc.,NYSE,2026,Q1,2026,2026-04-14,https://investor.spglobal.com/,https://investor.spglobal.com/,https://investor.spglobal.com/,unknown,unknown,unknown,company_ir,metadata_only,4,true,"Metadata-only candidate. Availability is not asserted until official IR source terms, robots policy, and event identity are manually reviewed.",investor.spglobal.com,2026-05-24T00:33:59+00:00,rights_aware_metadata_discovery,sha256:6d4b16fd7b26856285a6471e21896d02a48857a406d3d19370d2909612a94982,/Users/keith/Desktop/earnings calls 100 samples/SPGI_S_P_Global_Inc/2026-04-14_FY2026_Q1
mco_2026_q1,MCO,Moody's Corporation,NYSE,2026,Q1,2026,2026-04-14,https://ir.moodys.com/,https://ir.moodys.com/,https://ir.moodys.com/,unknown,unknown,unknown,company_ir,metadata_only,4,true,"Metadata-only candidate. Availability is not asserted until official IR source terms, robots policy, and event identity are manually reviewed.",ir.moodys.com,2026-05-24T00:33:59+00:00,rights_aware_metadata_discovery,sha256:5fe490a09a2e2456d9eee3ff3d36b3c17ce102380383ecf373a88b7022e4e106,/Users/keith/Desktop/earnings calls 100 samples/MCO_Moody_s_Corporation/2026-04-14_FY2026_Q1
ice_2026_q1,ICE,"Intercontinental Exchange, Inc.",NYSE,2026,Q1,2026,2026-04-14,https://ir.theice.com/,https://ir.theice.com/,https://ir.theice.com/,unknown,unknown,unknown,company_ir,metadata_only,4,true,"Metadata-only candidate. Availability is not asserted until official IR source terms, robots policy, and event identity are manually reviewed.",ir.theice.com,2026-05-24T00:33:59+00:00,rights_aware_metadata_discovery,sha256:d31dc5f48f9c922cce0f58ae88ca41660a04de9dff34779dafa911740b957dc0,/Users/keith/Desktop/earnings calls 100 samples/ICE_Intercontinental_Exchange_Inc/2026-04-14_FY2026_Q1
schw_2026_q1,SCHW,The Charles Schwab Corporation,NYSE,2026,Q1,2026,2026-04-14,https://www.aboutschwab.com/investor-relations,https://www.aboutschwab.com/investor-relations,https://www.aboutschwab.com/investor-relations,unknown,unknown,unknown,company_ir,metadata_only,4,true,"Metadata-only candidate. Availability is not asserted until official IR source terms, robots policy, and event identity are manually reviewed.",aboutschwab.com,2026-05-24T00:33:59+00:00,rights_aware_metadata_discovery,sha256:43e6b626acb0795fc28d6b16a1a25f4129348ead5cfdd2d66f64fa8b2943c1d2,/Users/keith/Desktop/earnings calls 100 samples/SCHW_The_Charles_Schwab_Corporation/2026-04-14_FY2026_Q1
mmc_2026_q1,MMC,"Marsh & McLennan Companies, Inc.",NYSE,2026,Q1,2026,2026-04-14,https://ir.mmc.com/,https://ir.mmc.com/,https://ir.mmc.com/,unknown,unknown,unknown,company_ir,metadata_only,4,true,"Metadata-only candidate. Availability is not asserted until official IR source terms, robots policy, and event identity are manually reviewed.",ir.mmc.com,2026-05-24T00:33:59+00:00,rights_aware_metadata_discovery,sha256:84fc07d9b7b761f4ff204704c764f04636f3ee6621ad7761e690de81cab22df6,/Users/keith/Desktop/earnings calls 100 samples/MMC_Marsh_McLennan_Companies_Inc/2026-04-14_FY2026_Q1
aon_2026_q1,AON,Aon plc,NYSE,2026,Q1,2026,2026-04-14,https://ir.aon.com/,https://ir.aon.com/,https://ir.aon.com/,unknown,unknown,unknown,company_ir,metadata_only,4,true,"Metadata-only candidate. Availability is not asserted until official IR source terms, robots policy, and event identity are manually reviewed.",ir.aon.com,2026-05-24T00:33:59+00:00,rights_aware_metadata_discovery,sha256:747a502c3f70080c9b3671cb66671d87b4f26d4c792cb1bef4fabf8044479c64,/Users/keith/Desktop/earnings calls 100 samples/AON_Aon_plc/2026-04-14_FY2026_Q1
abt_2026_q1,ABT,Abbott Laboratories,NYSE,2026,Q1,2026,2026-04-14,https://www.abbottinvestor.com/,https://www.abbottinvestor.com/,https://www.abbottinvestor.com/,unknown,unknown,unknown,company_ir,metadata_only,4,true,"Metadata-only candidate. Availability is not asserted until official IR source terms, robots policy, and event identity are manually reviewed.",abbottinvestor.com,2026-05-24T00:33:59+00:00,rights_aware_metadata_discovery,sha256:ff4281c0aa7958f191201d8863348f0841a4162ddce2adb791b58c81f638c026,/Users/keith/Desktop/earnings calls 100 samples/ABT_Abbott_Laboratories/2026-04-14_FY2026_Q1
bmy_2026_q1,BMY,Bristol Myers Squibb Company,NYSE,2026,Q1,2026,2026-04-14,https://investor.bms.com/,https://investor.bms.com/,https://investor.bms.com/,unknown,unknown,unknown,company_ir,metadata_only,4,true,"Metadata-only candidate. Availability is not asserted until official IR source terms, robots policy, and event identity are manually reviewed.",investor.bms.com,2026-05-24T00:33:59+00:00,rights_aware_metadata_discovery,sha256:8e50cec46ed93308dc6f859a9a90a991c4bdbbca87b9aac7b09dc007e95a5d01,/Users/keith/Desktop/earnings calls 100 samples/BMY_Bristol_Myers_Squibb_Company/2026-04-14_FY2026_Q1
mdt_2026_q1,MDT,Medtronic plc,NYSE,2026,Q1,2026,2026-04-14,https://investorrelations.medtronic.com/,https://investorrelations.medtronic.com/,https://investorrelations.medtronic.com/,unknown,unknown,unknown,company_ir,metadata_only,4,true,"Metadata-only candidate. Availability is not asserted until official IR source terms, robots policy, and event identity are manually reviewed.",investorrelations.medtronic.com,2026-05-24T00:33:59+00:00,rights_aware_metadata_discovery,sha256:228859b13fcb887071f019a387832657946cd7766a466320051b68802b832b54,/Users/keith/Desktop/earnings calls 100 samples/MDT_Medtronic_plc/2026-04-14_FY2026_Q1
tmo_2026_q1,TMO,Thermo Fisher Scientific Inc.,NYSE,2026,Q1,2026,2026-04-14,https://ir.thermofisher.com/,https://ir.thermofisher.com/,https://ir.thermofisher.com/,unknown,unknown,unknown,company_ir,metadata_only,4,true,"Metadata-only candidate. Availability is not asserted until official IR source terms, robots policy, and event identity are manually reviewed.",ir.thermofisher.com,2026-05-24T00:33:59+00:00,rights_aware_metadata_discovery,sha256:858ffef7b8ace6a06991336a0cdf864ce22fcb11da56fc68caddbc989a023773,/Users/keith/Desktop/earnings calls 100 samples/TMO_Thermo_Fisher_Scientific_Inc/2026-04-14_FY2026_Q1
dhr_2026_q1,DHR,Danaher Corporation,NYSE,2026,Q1,2026,2026-04-14,https://investors.danaher.com/,https://investors.danaher.com/,https://investors.danaher.com/,unknown,unknown,unknown,company_ir,metadata_only,4,true,"Metadata-only candidate. Availability is not asserted until official IR source terms, robots policy, and event identity are manually reviewed.",investors.danaher.com,2026-05-24T00:33:59+00:00,rights_aware_metadata_discovery,sha256:50de0d19f0df597a4b28a473b757131ead95748bcd283fb2d7eb99ff8c6754d9,/Users/keith/Desktop/earnings calls 100 samples/DHR_Danaher_Corporation/2026-04-14_FY2026_Q1
el_2026_q1,EL,The Estee Lauder Companies Inc.,NYSE,2026,Q1,2026,2026-04-14,https://www.elcompanies.com/en/investors,https://www.elcompanies.com/en/investors,https://www.elcompanies.com/en/investors,unknown,unknown,unknown,company_ir,metadata_only,4,true,"Metadata-only candidate. Availability is not asserted until official IR source terms, robots policy, and event identity are manually reviewed.",elcompanies.com,2026-05-24T00:33:59+00:00,rights_aware_metadata_discovery,sha256:eaa161dfcd030248f75464b89a650664b9b8b79e54d817df8a75f41273df4f38,/Users/keith/Desktop/earnings calls 100 samples/EL_The_Estee_Lauder_Companies_Inc/2026-04-14_FY2026_Q1
jpm_2025_q4,JPM,JPMorgan Chase & Co.,NYSE,2025,Q4,2026,2026-01-14,https://www.jpmorganchase.com/ir,https://www.jpmorganchase.com/ir,https://www.jpmorganchase.com/ir,unknown,unknown,unknown,company_ir,metadata_only,4,true,"Metadata-only candidate. Availability is not asserted until official IR source terms, robots policy, and event identity are manually reviewed.",jpmorganchase.com,2026-05-24T00:33:59+00:00,rights_aware_metadata_discovery,sha256:8cdf7979eb0c054a8466996b57405a51c0fa5ed6fb7aac1c11183bc48edd9b4a,/Users/keith/Desktop/earnings calls 100 samples/JPM_JPMorgan_Chase_Co/2026-01-14_FY2025_Q4
wmt_2025_q4,WMT,Walmart Inc.,NYSE,2025,Q4,2026,2026-01-14,https://stock.walmart.com/,https://stock.walmart.com/,https://stock.walmart.com/,unknown,unknown,unknown,company_ir,metadata_only,4,true,"Metadata-only candidate. Availability is not asserted until official IR source terms, robots policy, and event identity are manually reviewed.",stock.walmart.com,2026-05-24T00:33:59+00:00,rights_aware_metadata_discovery,sha256:55c44393ed59fcb3f9edab10aaef1d58e0e8cfa8ee63ce6c0a42a9cbff6c0a28,/Users/keith/Desktop/earnings calls 100 samples/WMT_Walmart_Inc/2026-01-14_FY2025_Q4
hd_2025_q4,HD,"The Home Depot, Inc.",NYSE,2025,Q4,2026,2026-01-14,https://ir.homedepot.com/,https://ir.homedepot.com/,https://ir.homedepot.com/,unknown,unknown,unknown,company_ir,metadata_only,4,true,"Metadata-only candidate. Availability is not asserted until official IR source terms, robots policy, and event identity are manually reviewed.",ir.homedepot.com,2026-05-24T00:33:59+00:00,rights_aware_metadata_discovery,sha256:e65934e0dcdfeb3cc39e85fe372d6cdf94cfc54e808ee1205ca92ad5b41533de,/Users/keith/Desktop/earnings calls 100 samples/HD_The_Home_Depot_Inc/2026-01-14_FY2025_Q4
jnj_2025_q4,JNJ,Johnson & Johnson,NYSE,2025,Q4,2026,2026-01-14,https://www.investor.jnj.com/,https://www.investor.jnj.com/,https://www.investor.jnj.com/,unknown,unknown,unknown,company_ir,metadata_only,4,true,"Metadata-only candidate. Availability is not asserted until official IR source terms, robots policy, and event identity are manually reviewed.",investor.jnj.com,2026-05-24T00:33:59+00:00,rights_aware_metadata_discovery,sha256:a2e5b7cf55aad45b9c89a4b7dc8d056eb5c95753044d2e31beb3a41fb1457138,/Users/keith/Desktop/earnings calls 100 samples/JNJ_Johnson_Johnson/2026-01-14_FY2025_Q4
xom_2025_q4,XOM,Exxon Mobil Corporation,NYSE,2025,Q4,2026,2026-01-14,https://corporate.exxonmobil.com/investors,https://corporate.exxonmobil.com/investors,https://corporate.exxonmobil.com/investors,unknown,unknown,unknown,company_ir,metadata_only,4,true,"Metadata-only candidate. Availability is not asserted until official IR source terms, robots policy, and event identity are manually reviewed.",corporate.exxonmobil.com,2026-05-24T00:33:59+00:00,rights_aware_metadata_discovery,sha256:b8559a38f9e2398863d37af3e576ff2162fbbf68e0aa6050a04046ff60d1ca9a,/Users/keith/Desktop/earnings calls 100 samples/XOM_Exxon_Mobil_Corporation/2026-01-14_FY2025_Q4
bac_2025_q4,BAC,Bank of America Corporation,NYSE,2025,Q4,2026,2026-01-14,https://investor.bankofamerica.com/,https://investor.bankofamerica.com/,https://investor.bankofamerica.com/,unknown,unknown,unknown,company_ir,metadata_only,4,true,"Metadata-only candidate. Availability is not asserted until official IR source terms, robots policy, and event identity are manually reviewed.",investor.bankofamerica.com,2026-05-24T00:33:59+00:00,rights_aware_metadata_discovery,sha256:e36cdf59829f7bca64118ea1d1c78368f3cdb18438db7de93768a8c658862811,/Users/keith/Desktop/earnings calls 100 samples/BAC_Bank_of_America_Corporation/2026-01-14_FY2025_Q4
gs_2025_q4,GS,"The Goldman Sachs Group, Inc.",NYSE,2025,Q4,2026,2026-01-14,https://www.goldmansachs.com/investor-relations/,https://www.goldmansachs.com/investor-relations/,https://www.goldmansachs.com/investor-relations/,unknown,unknown,unknown,company_ir,metadata_only,4,true,"Metadata-only candidate. Availability is not asserted until official IR source terms, robots policy, and event identity are manually reviewed.",goldmansachs.com,2026-05-24T00:33:59+00:00,rights_aware_metadata_discovery,sha256:a4e240b7bcad5de9fcc6a8f0234bc8c3b98cc87d1979d5bcbc56646a873e7a90,/Users/keith/Desktop/earnings calls 100 samples/GS_The_Goldman_Sachs_Group_Inc/2026-01-14_FY2025_Q4
ms_2025_q4,MS,Morgan Stanley,NYSE,2025,Q4,2026,2026-01-14,https://www.morganstanley.com/about-us-ir,https://www.morganstanley.com/about-us-ir,https://www.morganstanley.com/about-us-ir,unknown,unknown,unknown,company_ir,metadata_only,4,true,"Metadata-only candidate. Availability is not asserted until official IR source terms, robots policy, and event identity are manually reviewed.",morganstanley.com,2026-05-24T00:33:59+00:00,rights_aware_metadata_discovery,sha256:f50ffe91586cd6a3c2a1d4c6756eef01c8d6c20c122eb1c02cd45fc03df59a15,/Users/keith/Desktop/earnings calls 100 samples/MS_Morgan_Stanley/2026-01-14_FY2025_Q4
blk_2025_q4,BLK,"BlackRock, Inc.",NYSE,2025,Q4,2026,2026-01-14,https://ir.blackrock.com/,https://ir.blackrock.com/,https://ir.blackrock.com/,unknown,unknown,unknown,company_ir,metadata_only,4,true,"Metadata-only candidate. Availability is not asserted until official IR source terms, robots policy, and event identity are manually reviewed.",ir.blackrock.com,2026-05-24T00:33:59+00:00,rights_aware_metadata_discovery,sha256:33f15682272854f05152df58e0a165ce45269f2c87ea44adf4fb9d5ffdddc649,/Users/keith/Desktop/earnings calls 100 samples/BLK_BlackRock_Inc/2026-01-14_FY2025_Q4
axp_2025_q4,AXP,American Express Company,NYSE,2025,Q4,2026,2026-01-14,https://ir.americanexpress.com/,https://ir.americanexpress.com/,https://ir.americanexpress.com/,unknown,unknown,unknown,company_ir,metadata_only,4,true,"Metadata-only candidate. Availability is not asserted until official IR source terms, robots policy, and event identity are manually reviewed.",ir.americanexpress.com,2026-05-24T00:33:59+00:00,rights_aware_metadata_discovery,sha256:2a32af9c405820a2dc440fd9dec2c9c0ef4f376718bc21dd905f2f140cf25cf8,/Users/keith/Desktop/earnings calls 100 samples/AXP_American_Express_Company/2026-01-14_FY2025_Q4
ibm_2025_q4,IBM,International Business Machines Corporation,NYSE,2025,Q4,2026,2026-01-14,https://www.ibm.com/investor,https://www.ibm.com/investor,https://www.ibm.com/investor,unknown,unknown,unknown,company_ir,metadata_only,4,true,"Metadata-only candidate. Availability is not asserted until official IR source terms, robots policy, and event identity are manually reviewed.",ibm.com,2026-05-24T00:33:59+00:00,rights_aware_metadata_discovery,sha256:ce2865e5de0b9ad4afd158eaa29d7a30dc62a7541fd4e0714a464b55b184c38d,/Users/keith/Desktop/earnings calls 100 samples/IBM_International_Business_Machines_Corporation/2026-01-14_FY2025_Q4
lly_2025_q4,LLY,Eli Lilly and Company,NYSE,2025,Q4,2026,2026-01-14,https://investor.lilly.com/,https://investor.lilly.com/,https://investor.lilly.com/,unknown,unknown,unknown,company_ir,metadata_only,4,true,"Metadata-only candidate. Availability is not asserted until official IR source terms, robots policy, and event identity are manually reviewed.",investor.lilly.com,2026-05-24T00:33:59+00:00,rights_aware_metadata_discovery,sha256:103e6b4b5652cd566d23a6dcfedf4f66c52d7ef3a4d68ccce48648f1f2a29789,/Users/keith/Desktop/earnings calls 100 samples/LLY_Eli_Lilly_and_Company/2026-01-14_FY2025_Q4
mrk_2025_q4,MRK,"Merck & Co., Inc.",NYSE,2025,Q4,2026,2026-01-14,https://www.merck.com/investor-relations/,https://www.merck.com/investor-relations/,https://www.merck.com/investor-relations/,unknown,unknown,unknown,company_ir,metadata_only,4,true,"Metadata-only candidate. Availability is not asserted until official IR source terms, robots policy, and event identity are manually reviewed.",merck.com,2026-05-24T00:33:59+00:00,rights_aware_metadata_discovery,sha256:ed887f29ab01cae90d5cfb894d98ef473eaa7f3e4929df3be5361d56ec218587,/Users/keith/Desktop/earnings calls 100 samples/MRK_Merck_Co_Inc/2026-01-14_FY2025_Q4
pfe_2025_q4,PFE,Pfizer Inc.,NYSE,2025,Q4,2026,2026-01-14,https://investors.pfizer.com/,https://investors.pfizer.com/,https://investors.pfizer.com/,unknown,unknown,unknown,company_ir,metadata_only,4,true,"Metadata-only candidate. Availability is not asserted until official IR source terms, robots policy, and event identity are manually reviewed.",investors.pfizer.com,2026-05-24T00:33:59+00:00,rights_aware_metadata_discovery,sha256:12d9e6ee691e37e13c7aff8e2781e097d465ec8f63f2ce4c9eb5715438e610ee,/Users/keith/Desktop/earnings calls 100 samples/PFE_Pfizer_Inc/2026-01-14_FY2025_Q4
unh_2025_q4,UNH,UnitedHealth Group Incorporated,NYSE,2025,Q4,2026,2026-01-14,https://www.unitedhealthgroup.com/investors.html,https://www.unitedhealthgroup.com/investors.html,https://www.unitedhealthgroup.com/investors.html,unknown,unknown,unknown,company_ir,metadata_only,4,true,"Metadata-only candidate. Availability is not asserted until official IR source terms, robots policy, and event identity are manually reviewed.",unitedhealthgroup.com,2026-05-24T00:33:59+00:00,rights_aware_metadata_discovery,sha256:12f5d4707a0c0545b41dd024c80d62c4eefe9a35429ae9d9c620f250d22a196f,/Users/keith/Desktop/earnings calls 100 samples/UNH_UnitedHealth_Group_Incorporated/2026-01-14_FY2025_Q4
cvs_2025_q4,CVS,CVS Health Corporation,NYSE,2025,Q4,2026,2026-01-14,https://investors.cvshealth.com/,https://investors.cvshealth.com/,https://investors.cvshealth.com/,unknown,unknown,unknown,company_ir,metadata_only,4,true,"Metadata-only candidate. Availability is not asserted until official IR source terms, robots policy, and event identity are manually reviewed.",investors.cvshealth.com,2026-05-24T00:33:59+00:00,rights_aware_metadata_discovery,sha256:156713dd3386fd0688edb0ec80d8f317eeca3b7d0f2f25dbd6e3ebaaf7e060b7,/Users/keith/Desktop/earnings calls 100 samples/CVS_CVS_Health_Corporation/2026-01-14_FY2025_Q4
ba_2025_q4,BA,The Boeing Company,NYSE,2025,Q4,2026,2026-01-14,https://investors.boeing.com/,https://investors.boeing.com/,https://investors.boeing.com/,unknown,unknown,unknown,company_ir,metadata_only,4,true,"Metadata-only candidate. Availability is not asserted until official IR source terms, robots policy, and event identity are manually reviewed.",investors.boeing.com,2026-05-24T00:33:59+00:00,rights_aware_metadata_discovery,sha256:7f48a26029f2567a5f66bfdeb3613fc1008a34e3f0c24b2db1cbe67d526cad69,/Users/keith/Desktop/earnings calls 100 samples/BA_The_Boeing_Company/2026-01-14_FY2025_Q4
cat_2025_q4,CAT,Caterpillar Inc.,NYSE,2025,Q4,2026,2026-01-14,https://investors.caterpillar.com/,https://investors.caterpillar.com/,https://investors.caterpillar.com/,unknown,unknown,unknown,company_ir,metadata_only,4,true,"Metadata-only candidate. Availability is not asserted until official IR source terms, robots policy, and event identity are manually reviewed.",investors.caterpillar.com,2026-05-24T00:33:59+00:00,rights_aware_metadata_discovery,sha256:9940f5604db96e7d5f8fbbe6b5dd49cbc80305600391ba55155422463e638d9f,/Users/keith/Desktop/earnings calls 100 samples/CAT_Caterpillar_Inc/2026-01-14_FY2025_Q4
de_2025_q4,DE,Deere & Company,NYSE,2025,Q4,2026,2026-01-14,https://investor.deere.com/,https://investor.deere.com/,https://investor.deere.com/,unknown,unknown,unknown,company_ir,metadata_only,4,true,"Metadata-only candidate. Availability is not asserted until official IR source terms, robots policy, and event identity are manually reviewed.",investor.deere.com,2026-05-24T00:33:59+00:00,rights_aware_metadata_discovery,sha256:12b804650f74942587ab93077e7430e9c1674de95f9734c844c0f8158ac2f691,/Users/keith/Desktop/earnings calls 100 samples/DE_Deere_Company/2026-01-14_FY2025_Q4
ge_2025_q4,GE,GE Aerospace,NYSE,2025,Q4,2026,2026-01-14,https://www.geaerospace.com/investors,https://www.geaerospace.com/investors,https://www.geaerospace.com/investors,unknown,unknown,unknown,company_ir,metadata_only,4,true,"Metadata-only candidate. Availability is not asserted until official IR source terms, robots policy, and event identity are manually reviewed.",geaerospace.com,2026-05-24T00:33:59+00:00,rights_aware_metadata_discovery,sha256:ac461eda1436a1cf9c72febc988997d128088fd7d9e997121a60d4c424cff2ef,/Users/keith/Desktop/earnings calls 100 samples/GE_GE_Aerospace/2026-01-14_FY2025_Q4
ko_2025_q4,KO,The Coca-Cola Company,NYSE,2025,Q4,2026,2026-01-14,https://investors.coca-colacompany.com/,https://investors.coca-colacompany.com/,https://investors.coca-colacompany.com/,unknown,unknown,unknown,company_ir,metadata_only,4,true,"Metadata-only candidate. Availability is not asserted until official IR source terms, robots policy, and event identity are manually reviewed.",investors.coca-colacompany.com,2026-05-24T00:33:59+00:00,rights_aware_metadata_discovery,sha256:ab90bac777ecbbd97a4f1599fee8b531392139f293a6489c3b452159145f91ea,/Users/keith/Desktop/earnings calls 100 samples/KO_The_Coca_Cola_Company/2026-01-14_FY2025_Q4
mcd_2025_q4,MCD,McDonald's Corporation,NYSE,2025,Q4,2026,2026-01-14,https://corporate.mcdonalds.com/corpmcd/investors.html,https://corporate.mcdonalds.com/corpmcd/investors.html,https://corporate.mcdonalds.com/corpmcd/investors.html,unknown,unknown,unknown,company_ir,metadata_only,4,true,"Metadata-only candidate. Availability is not asserted until official IR source terms, robots policy, and event identity are manually reviewed.",corporate.mcdonalds.com,2026-05-24T00:33:59+00:00,rights_aware_metadata_discovery,sha256:bf65085f59e3c274cd06fa8b43550e562f47e477abc6e6ff432c7eed69289c21,/Users/keith/Desktop/earnings calls 100 samples/MCD_McDonald_s_Corporation/2026-01-14_FY2025_Q4
nke_2025_q4,NKE,"NIKE, Inc.",NYSE,2025,Q4,2026,2026-01-14,https://investors.nike.com/,https://investors.nike.com/,https://investors.nike.com/,unknown,unknown,unknown,company_ir,metadata_only,4,true,"Metadata-only candidate. Availability is not asserted until official IR source terms, robots policy, and event identity are manually reviewed.",investors.nike.com,2026-05-24T00:33:59+00:00,rights_aware_metadata_discovery,sha256:b46b4e2716a88f46d7cf8b9fabac05aceb48b3c4076ef2d05ef588d3f751dfe3,/Users/keith/Desktop/earnings calls 100 samples/NKE_NIKE_Inc/2026-01-14_FY2025_Q4
dis_2025_q4,DIS,The Walt Disney Company,NYSE,2025,Q4,2026,2026-01-14,https://thewaltdisneycompany.com/investor-relations/,https://thewaltdisneycompany.com/investor-relations/,https://thewaltdisneycompany.com/investor-relations/,unknown,unknown,unknown,company_ir,metadata_only,4,true,"Metadata-only candidate. Availability is not asserted until official IR source terms, robots policy, and event identity are manually reviewed.",thewaltdisneycompany.com,2026-05-24T00:33:59+00:00,rights_aware_metadata_discovery,sha256:502647745858f07854db9544ea188e36309dbfc354e087e68687b74bb48b7f34,/Users/keith/Desktop/earnings calls 100 samples/DIS_The_Walt_Disney_Company/2026-01-14_FY2025_Q4
t_2025_q4,T,AT&T Inc.,NYSE,2025,Q4,2026,2026-01-14,https://investors.att.com/,https://investors.att.com/,https://investors.att.com/,unknown,unknown,unknown,company_ir,metadata_only,4,true,"Metadata-only candidate. Availability is not asserted until official IR source terms, robots policy, and event identity are manually reviewed.",investors.att.com,2026-05-24T00:33:59+00:00,rights_aware_metadata_discovery,sha256:581da559451c1c612826aa349175d5a08da8d3987a0976b4108161dfc72a81e8,/Users/keith/Desktop/earnings calls 100 samples/T_AT_T_Inc/2026-01-14_FY2025_Q4
low_2025_q4,LOW,"Lowe's Companies, Inc.",NYSE,2025,Q4,2026,2026-01-14,https://corporate.lowes.com/investors,https://corporate.lowes.com/investors,https://corporate.lowes.com/investors,unknown,unknown,unknown,company_ir,metadata_only,4,true,"Metadata-only candidate. Availability is not asserted until official IR source terms, robots policy, and event identity are manually reviewed.",corporate.lowes.com,2026-05-24T00:33:59+00:00,rights_aware_metadata_discovery,sha256:53bbb03bd46ec09491dd74ae39dc02a3f8200a54a738b986d31bdd2b8e122b6d,/Users/keith/Desktop/earnings calls 100 samples/LOW_Lowe_s_Companies_Inc/2026-01-14_FY2025_Q4
ups_2025_q4,UPS,"United Parcel Service, Inc.",NYSE,2025,Q4,2026,2026-01-14,https://investors.ups.com/,https://investors.ups.com/,https://investors.ups.com/,unknown,unknown,unknown,company_ir,metadata_only,4,true,"Metadata-only candidate. Availability is not asserted until official IR source terms, robots policy, and event identity are manually reviewed.",investors.ups.com,2026-05-24T00:33:59+00:00,rights_aware_metadata_discovery,sha256:af976c35f020aea7a066566ec02f4b72118e680680068a48166a66b217c12d44,/Users/keith/Desktop/earnings calls 100 samples/UPS_United_Parcel_Service_Inc/2026-01-14_FY2025_Q4
rtx_2025_q4,RTX,RTX Corporation,NYSE,2025,Q4,2026,2026-01-14,https://investors.rtx.com/,https://investors.rtx.com/,https://investors.rtx.com/,unknown,unknown,unknown,company_ir,metadata_only,4,true,"Metadata-only candidate. Availability is not asserted until official IR source terms, robots policy, and event identity are manually reviewed.",investors.rtx.com,2026-05-24T00:33:59+00:00,rights_aware_metadata_discovery,sha256:912ca7917adbd2df978895e326f0465d890161aac60ea994bf2dab1a55c0c213,/Users/keith/Desktop/earnings calls 100 samples/RTX_RTX_Corporation/2026-01-14_FY2025_Q4
lmt_2025_q4,LMT,Lockheed Martin Corporation,NYSE,2025,Q4,2026,2026-01-14,https://investors.lockheedmartin.com/,https://investors.lockheedmartin.com/,https://investors.lockheedmartin.com/,unknown,unknown,unknown,company_ir,metadata_only,4,true,"Metadata-only candidate. Availability is not asserted until official IR source terms, robots policy, and event identity are manually reviewed.",investors.lockheedmartin.com,2026-05-24T00:33:59+00:00,rights_aware_metadata_discovery,sha256:afa67b3e723dd0892e33bb19a7c18da9fbde674ad503dbce2addc77e4888a53c,/Users/keith/Desktop/earnings calls 100 samples/LMT_Lockheed_Martin_Corporation/2026-01-14_FY2025_Q4
noc_2025_q4,NOC,Northrop Grumman Corporation,NYSE,2025,Q4,2026,2026-01-14,https://investor.northropgrumman.com/,https://investor.northropgrumman.com/,https://investor.northropgrumman.com/,unknown,unknown,unknown,company_ir,metadata_only,4,true,"Metadata-only candidate. Availability is not asserted until official IR source terms, robots policy, and event identity are manually reviewed.",investor.northropgrumman.com,2026-05-24T00:33:59+00:00,rights_aware_metadata_discovery,sha256:cfe87bc5c92f0956583ed3f8f7e56d13b4e5e1abcbc2065fba8dc49e06344a88,/Users/keith/Desktop/earnings calls 100 samples/NOC_Northrop_Grumman_Corporation/2026-01-14_FY2025_Q4
cvx_2025_q4,CVX,Chevron Corporation,NYSE,2025,Q4,2026,2026-01-14,https://www.chevron.com/investors,https://www.chevron.com/investors,https://www.chevron.com/investors,unknown,unknown,unknown,company_ir,metadata_only,4,true,"Metadata-only candidate. Availability is not asserted until official IR source terms, robots policy, and event identity are manually reviewed.",chevron.com,2026-05-24T00:33:59+00:00,rights_aware_metadata_discovery,sha256:cb23fcca3b9321fe5a729468ea78acffe45b70a6bef306139ca9ab98496de9af,/Users/keith/Desktop/earnings calls 100 samples/CVX_Chevron_Corporation/2026-01-14_FY2025_Q4
cop_2025_q4,COP,ConocoPhillips,NYSE,2025,Q4,2026,2026-01-14,https://www.conocophillips.com/investor/,https://www.conocophillips.com/investor/,https://www.conocophillips.com/investor/,unknown,unknown,unknown,company_ir,metadata_only,4,true,"Metadata-only candidate. Availability is not asserted until official IR source terms, robots policy, and event identity are manually reviewed.",conocophillips.com,2026-05-24T00:33:59+00:00,rights_aware_metadata_discovery,sha256:448a845a5e587743ee2ef3719b25c009b0e947a575d71677ca0f1858dfe8a50f,/Users/keith/Desktop/earnings calls 100 samples/COP_ConocoPhillips/2026-01-14_FY2025_Q4
slb_2025_q4,SLB,SLB,NYSE,2025,Q4,2026,2026-01-14,https://investorcenter.slb.com/,https://investorcenter.slb.com/,https://investorcenter.slb.com/,unknown,unknown,unknown,company_ir,metadata_only,4,true,"Metadata-only candidate. Availability is not asserted until official IR source terms, robots policy, and event identity are manually reviewed.",investorcenter.slb.com,2026-05-24T00:33:59+00:00,rights_aware_metadata_discovery,sha256:cd3adb5cef07575d5bc373dd227fb16b150db4df80a0363eaf94e22f5aa9f50a,/Users/keith/Desktop/earnings calls 100 samples/SLB_SLB/2026-01-14_FY2025_Q4
hal_2025_q4,HAL,Halliburton Company,NYSE,2025,Q4,2026,2026-01-14,https://ir.halliburton.com/,https://ir.halliburton.com/,https://ir.halliburton.com/,unknown,unknown,unknown,company_ir,metadata_only,4,true,"Metadata-only candidate. Availability is not asserted until official IR source terms, robots policy, and event identity are manually reviewed.",ir.halliburton.com,2026-05-24T00:33:59+00:00,rights_aware_metadata_discovery,sha256:2c5d9ed83556f5786241b5d12cc6237bebdcbf8504ccbd22ef4beaabb3bbe7bd,/Users/keith/Desktop/earnings calls 100 samples/HAL_Halliburton_Company/2026-01-14_FY2025_Q4
pg_2025_q4,PG,The Procter & Gamble Company,NYSE,2025,Q4,2026,2026-01-14,https://www.pginvestor.com/,https://www.pginvestor.com/,https://www.pginvestor.com/,unknown,unknown,unknown,company_ir,metadata_only,4,true,"Metadata-only candidate. Availability is not asserted until official IR source terms, robots policy, and event identity are manually reviewed.",pginvestor.com,2026-05-24T00:33:59+00:00,rights_aware_metadata_discovery,sha256:ec70d063ccd71a776bbc25fa0617efa5737a8d932b60544d6a5b315f7c346e7d,/Users/keith/Desktop/earnings calls 100 samples/PG_The_Procter_Gamble_Company/2026-01-14_FY2025_Q4
cl_2025_q4,CL,Colgate-Palmolive Company,NYSE,2025,Q4,2026,2026-01-14,https://investor.colgatepalmolive.com/,https://investor.colgatepalmolive.com/,https://investor.colgatepalmolive.com/,unknown,unknown,unknown,company_ir,metadata_only,4,true,"Metadata-only candidate. Availability is not asserted until official IR source terms, robots policy, and event identity are manually reviewed.",investor.colgatepalmolive.com,2026-05-24T00:33:59+00:00,rights_aware_metadata_discovery,sha256:17296f6d0e874785dc68b2db0f7961a5f469f881fd51fd9ba298a1ec7c0b6ea1,/Users/keith/Desktop/earnings calls 100 samples/CL_Colgate_Palmolive_Company/2026-01-14_FY2025_Q4
kmb_2025_q4,KMB,Kimberly-Clark Corporation,NYSE,2025,Q4,2026,2026-01-14,https://investor.kimberly-clark.com/,https://investor.kimberly-clark.com/,https://investor.kimberly-clark.com/,unknown,unknown,unknown,company_ir,metadata_only,4,true,"Metadata-only candidate. Availability is not asserted until official IR source terms, robots policy, and event identity are manually reviewed.",investor.kimberly-clark.com,2026-05-24T00:33:59+00:00,rights_aware_metadata_discovery,sha256:7fffe63a4f1d7abcdd890093d91dfa2af2bca6be29e0e7f4c5f59ff7134aab8c,/Users/keith/Desktop/earnings calls 100 samples/KMB_Kimberly_Clark_Corporation/2026-01-14_FY2025_Q4
fdx_2025_q4,FDX,FedEx Corporation,NYSE,2025,Q4,2026,2026-01-14,https://investors.fedex.com/,https://investors.fedex.com/,https://investors.fedex.com/,unknown,unknown,unknown,company_ir,metadata_only,4,true,"Metadata-only candidate. Availability is not asserted until official IR source terms, robots policy, and event identity are manually reviewed.",investors.fedex.com,2026-05-24T00:33:59+00:00,rights_aware_metadata_discovery,sha256:a012d528c8b891b352f08647deb44e856f48f54816bb1c1b5424c2ff24aa1081,/Users/keith/Desktop/earnings calls 100 samples/FDX_FedEx_Corporation/2026-01-14_FY2025_Q4
dal_2025_q4,DAL,"Delta Air Lines, Inc.",NYSE,2025,Q4,2026,2026-01-14,https://ir.delta.com/,https://ir.delta.com/,https://ir.delta.com/,unknown,unknown,unknown,company_ir,metadata_only,4,true,"Metadata-only candidate. Availability is not asserted until official IR source terms, robots policy, and event identity are manually reviewed.",ir.delta.com,2026-05-24T00:33:59+00:00,rights_aware_metadata_discovery,sha256:4ef7d0dd7a15f2237daed2d57f1ee79fd66988c9690296d6f55d6e5f6c53cc39,/Users/keith/Desktop/earnings calls 100 samples/DAL_Delta_Air_Lines_Inc/2026-01-14_FY2025_Q4
spgi_2025_q4,SPGI,S&P Global Inc.,NYSE,2025,Q4,2026,2026-01-14,https://investor.spglobal.com/,https://investor.spglobal.com/,https://investor.spglobal.com/,unknown,unknown,unknown,company_ir,metadata_only,4,true,"Metadata-only candidate. Availability is not asserted until official IR source terms, robots policy, and event identity are manually reviewed.",investor.spglobal.com,2026-05-24T00:33:59+00:00,rights_aware_metadata_discovery,sha256:28870733c4c05ddb42a826b2cd2bfb3a616b2418c2855eadf8c0fe76af413691,/Users/keith/Desktop/earnings calls 100 samples/SPGI_S_P_Global_Inc/2026-01-14_FY2025_Q4
mco_2025_q4,MCO,Moody's Corporation,NYSE,2025,Q4,2026,2026-01-14,https://ir.moodys.com/,https://ir.moodys.com/,https://ir.moodys.com/,unknown,unknown,unknown,company_ir,metadata_only,4,true,"Metadata-only candidate. Availability is not asserted until official IR source terms, robots policy, and event identity are manually reviewed.",ir.moodys.com,2026-05-24T00:33:59+00:00,rights_aware_metadata_discovery,sha256:bc73fdd7f40692c5e43a8cd562af8e84a5ed70de186ce2a96e5b43dce9c8128e,/Users/keith/Desktop/earnings calls 100 samples/MCO_Moody_s_Corporation/2026-01-14_FY2025_Q4
ice_2025_q4,ICE,"Intercontinental Exchange, Inc.",NYSE,2025,Q4,2026,2026-01-14,https://ir.theice.com/,https://ir.theice.com/,https://ir.theice.com/,unknown,unknown,unknown,company_ir,metadata_only,4,true,"Metadata-only candidate. Availability is not asserted until official IR source terms, robots policy, and event identity are manually reviewed.",ir.theice.com,2026-05-24T00:33:59+00:00,rights_aware_metadata_discovery,sha256:f2439f19dc73e865d443aa9fb5650cfdf0d3fcb3b50ea721ad38b21140e6f83f,/Users/keith/Desktop/earnings calls 100 samples/ICE_Intercontinental_Exchange_Inc/2026-01-14_FY2025_Q4
schw_2025_q4,SCHW,The Charles Schwab Corporation,NYSE,2025,Q4,2026,2026-01-14,https://www.aboutschwab.com/investor-relations,https://www.aboutschwab.com/investor-relations,https://www.aboutschwab.com/investor-relations,unknown,unknown,unknown,company_ir,metadata_only,4,true,"Metadata-only candidate. Availability is not asserted until official IR source terms, robots policy, and event identity are manually reviewed.",aboutschwab.com,2026-05-24T00:33:59+00:00,rights_aware_metadata_discovery,sha256:fefbd0c72e82c059c3f44fd36962dd2e265690bec927e8a419321fb1697dc878,/Users/keith/Desktop/earnings calls 100 samples/SCHW_The_Charles_Schwab_Corporation/2026-01-14_FY2025_Q4
mmc_2025_q4,MMC,"Marsh & McLennan Companies, Inc.",NYSE,2025,Q4,2026,2026-01-14,https://ir.mmc.com/,https://ir.mmc.com/,https://ir.mmc.com/,unknown,unknown,unknown,company_ir,metadata_only,4,true,"Metadata-only candidate. Availability is not asserted until official IR source terms, robots policy, and event identity are manually reviewed.",ir.mmc.com,2026-05-24T00:33:59+00:00,rights_aware_metadata_discovery,sha256:e0a6fcf54fefb5c06607344070f226dcf64a495a05294d8fb05e6663fda813d4,/Users/keith/Desktop/earnings calls 100 samples/MMC_Marsh_McLennan_Companies_Inc/2026-01-14_FY2025_Q4
aon_2025_q4,AON,Aon plc,NYSE,2025,Q4,2026,2026-01-14,https://ir.aon.com/,https://ir.aon.com/,https://ir.aon.com/,unknown,unknown,unknown,company_ir,metadata_only,4,true,"Metadata-only candidate. Availability is not asserted until official IR source terms, robots policy, and event identity are manually reviewed.",ir.aon.com,2026-05-24T00:33:59+00:00,rights_aware_metadata_discovery,sha256:cccf3db63c1cb189cfb1927cd4127b8d238a8d024870e9b582f9e087a50506dd,/Users/keith/Desktop/earnings calls 100 samples/AON_Aon_plc/2026-01-14_FY2025_Q4
abt_2025_q4,ABT,Abbott Laboratories,NYSE,2025,Q4,2026,2026-01-14,https://www.abbottinvestor.com/,https://www.abbottinvestor.com/,https://www.abbottinvestor.com/,unknown,unknown,unknown,company_ir,metadata_only,4,true,"Metadata-only candidate. Availability is not asserted until official IR source terms, robots policy, and event identity are manually reviewed.",abbottinvestor.com,2026-05-24T00:33:59+00:00,rights_aware_metadata_discovery,sha256:bce2f6be1112ee1ba668cd469e652bb8175909875dbce65d4bcc07f4578402a7,/Users/keith/Desktop/earnings calls 100 samples/ABT_Abbott_Laboratories/2026-01-14_FY2025_Q4
bmy_2025_q4,BMY,Bristol Myers Squibb Company,NYSE,2025,Q4,2026,2026-01-14,https://investor.bms.com/,https://investor.bms.com/,https://investor.bms.com/,unknown,unknown,unknown,company_ir,metadata_only,4,true,"Metadata-only candidate. Availability is not asserted until official IR source terms, robots policy, and event identity are manually reviewed.",investor.bms.com,2026-05-24T00:33:59+00:00,rights_aware_metadata_discovery,sha256:d2fbf733b14466e5c34190ea3e891b53b4822afe5bc2defa5963c5905c2724c5,/Users/keith/Desktop/earnings calls 100 samples/BMY_Bristol_Myers_Squibb_Company/2026-01-14_FY2025_Q4
mdt_2025_q4,MDT,Medtronic plc,NYSE,2025,Q4,2026,2026-01-14,https://investorrelations.medtronic.com/,https://investorrelations.medtronic.com/,https://investorrelations.medtronic.com/,unknown,unknown,unknown,company_ir,metadata_only,4,true,"Metadata-only candidate. Availability is not asserted until official IR source terms, robots policy, and event identity are manually reviewed.",investorrelations.medtronic.com,2026-05-24T00:33:59+00:00,rights_aware_metadata_discovery,sha256:278ee444c755dbf5953fe36041b805b4250cfa959f8593d6f7a789340191b557,/Users/keith/Desktop/earnings calls 100 samples/MDT_Medtronic_plc/2026-01-14_FY2025_Q4
tmo_2025_q4,TMO,Thermo Fisher Scientific Inc.,NYSE,2025,Q4,2026,2026-01-14,https://ir.thermofisher.com/,https://ir.thermofisher.com/,https://ir.thermofisher.com/,unknown,unknown,unknown,company_ir,metadata_only,4,true,"Metadata-only candidate. Availability is not asserted until official IR source terms, robots policy, and event identity are manually reviewed.",ir.thermofisher.com,2026-05-24T00:33:59+00:00,rights_aware_metadata_discovery,sha256:b85358225a13ec86f052a988a7da68f5ac89830110565d453ccf209a7534f65f,/Users/keith/Desktop/earnings calls 100 samples/TMO_Thermo_Fisher_Scientific_Inc/2026-01-14_FY2025_Q4
