section,speaker_role,text,matched_phrase,signal_type,strength,start_char,end_char,notes,segment_start,segment_end,sentence_start
management,management,"Factors that could cause these results to differ materially are set forth in today’s press release, and in our quarterly report on form 10‐Q filed with the SEC.",modal uncertainty,hedging_modal,1,13,18,Weak modal hedge.,12.308,66.154,282
management,management,During this call we may present both GAAP and non‐GAAP financial measures.,modal uncertainty,hedging_modal,1,20,23,Weak modal hedge.,12.308,66.154,644
management,management,"Across the family, some apps may be saturated in some countries or some demographics, but overall our apps continue to grow from a large base.",modal uncertainty,hedging_modal,1,29,32,Weak modal hedge.,127.693,186.155,131
management,management,"Our goal for the Quest Pro line over the next several years is to enable more and more of these people to get their work done in virtual and mixed reality, eventually even better than they could on PCs.",modal uncertainty,hedging_modal,1,189,194,Weak modal hedge.,577.694,633.079,74
management,management,"In addition, as noted on previous calls, we continue to monitor developments regarding the viability of transatlantic data transfers and their potential impact on our European operations.",continue to monitor,monitoring_language,2,44,63,Management explicitly signaled continued monitoring.,1327.312,1384.62,0
management,management,"A couple, if I may.",modal uncertainty,hedging_modal,1,15,18,Weak modal hedge.,1644.235,1692.312,41
management,management,"And while it's really hard for us to answer questions now that are like what is the eventual monetization efficiency going to be, it's really hard to predict that in advance.",difficult to predict,prediction_difficulty,5,142,157,Management explicitly said the outcome was difficult to predict.,2116.544,2176.544,0
management,management,"What I can say is I think on Stories, we've ended up achieving something that was way greater than what we even hoped to achieve at the time, right, in terms of where we thought that Stories could net out.",modal uncertainty,hedging_modal,1,191,196,Weak modal hedge.,2116.544,2176.544,175
management,management,"But now there's this whole larger corpus that we can use AI to effectively understand what the content means and understand individually what you might be interested in, just have access to a much bigger corpus of content to put into your feeds and increase engagement.",modal uncertainty,hedging_modal,1,146,151,Weak modal hedge.,2176.544,2234.621,266
management,management,"Let's -- I can take the first one and then -- I mean I guess I could take the second one, too.",modal uncertainty,hedging_modal,1,63,68,Weak modal hedge.,2474.237,2531.929,6
management,management,"And I'd say a bunch of that is that there are some things that are going better than I expected, some things that seem like they might take a bit longer.",modal uncertainty,hedging_modal,1,129,134,Weak modal hedge.,2989.62,3055.389,489
management,management,"But ultimately, I mean, look, I get that a lot of people might disagree with this investment.",modal uncertainty,hedging_modal,1,57,62,Weak modal hedge.,3182.312,3248.466,127
